DISTRICTCODE,CHILDREN,FEMALE,ELDERLY,FHEAD,FAMILYSIZE,NOELECTRIC,LOWEDU,GROWTH,POVERTY,ILLITERATE,NOTRAINING,DPRONE,RENTED,NOSEWER,TAPWATER,POPULATION
1101,7.999956086,48.77590901,2.184700509,13.11146752,4.058094984,1.425643767,25.65208668,1.249634166,20.2,5.019033186,92.71585138,48.81047848,4.882829903,22.89049274,5.595651787,91372
1102,13.51717522,49.68611677,2.296480805,13.16721954,4.479568758,1.07433655,28.7247149,2.287937103,22.11,10.98267021,97.90033172,73.08504222,6.67973462,20.01281665,13.40470446,119490
1103,9.43677942,50.77554271,4.903403386,20.73676104,4.236907731,0.50242042,29.7794412,1.521355784,14.07,7.717708677,98.76228546,77.13620361,3.337245122,31.78817662,6.98070999,231893
1104,11.18920899,50.09882757,2.735836322,17.78283418,4.252137015,2.01709612,16.7915821,2.109057338,14.86,6.673470052,99.87905623,94.28079454,4.046491606,43.54590739,20.30420433,208481
1105,11.68376732,50.048859,2.756701347,19.47374379,4.296572234,0.600965249,32.83977649,2.022934328,15.25,6.648225739,99.75611513,82.23653745,2.324624139,26.79337703,12.98558301,419594
1106,11.31201243,49.76882138,2.960561912,12.68291786,3.737517465,0,22.40793087,2.030606661,16.84,4.782372385,97.65791602,85.70299287,8.956540922,16.3596588,12.6865946,204273
1107,10.2378248,49.46048541,3.381555874,17.03972289,4.066198068,2.297081046,26.01127542,2.021413499,20.28,5.45605905,93.65568092,36.26511637,8.096501712,23.30706747,9.356452691,201682
1108,11.57270467,48.93868967,3.948958835,21.38505494,4.275582446,0.818260121,23.68550412,2.030971805,15.41,6.127999822,97.88029663,77.29354425,5.947354047,15.0459024,12.57536606,409109
1109,10.33616136,51.58659067,5.429495688,25.91575259,3.932434159,1.957438265,26.04742821,1.557670482,21.43,8.117851976,97.42475954,46.90825136,3.344527386,43.46699275,4.498001497,432599
1110,9.788798161,50.95862698,4.389741815,28.44422389,4.220904103,1.097357727,28.95379069,2.073580522,15.87,4.87369459,99.5028183,76.21205595,5.54764892,22.08198348,12.37617273,453224
1111,10.24311658,50.6176624,3.71497067,24.22999256,4.252998902,2.104368158,32.63180691,1.537617838,19.78,6.970597461,99.29216707,67.98597088,1.455344174,28.3537039,20.9466114,602554
1112,9.874918163,50.4634575,4.357534199,20.59619753,4.515200548,0.955285185,31.37247022,1.685528605,18.31,7.161864562,98.99803964,84.49761957,2.417773905,43.1496406,0.336061238,145726
1113,11.67703645,50.41037861,3.274203512,13.6199794,3.889804325,0.699450738,28.04046235,1.695657416,21.97,9.677379064,99.02162719,90.25489186,8.444902163,45.76038448,16.59800893,91024
1114,11.20571493,49.57655566,3.275312251,14.66173025,4.136002083,0.282011975,27.48373822,1.504994278,14.69,4.536486822,98.57258554,96.39458537,6.506522431,9.840048593,21.16102161,287007
1115,9.605023016,49.57113759,4.213876829,16.34745272,3.872563682,0.489675801,28.96754512,1.997559176,19.34,10.2114787,98.52614821,79.47703589,1.290524894,27.18544963,0,161329
1116,10.16952956,48.1627753,3.938112174,16.2370704,3.717425759,0,31.2934946,2.080499653,14.85,8.814088553,94.96996997,26.9686353,2.047881215,21.04604605,15.06089423,89618
1117,10.37112748,49.24399958,2.501674127,14.45091294,3.754035459,0.838846256,19.1778453,1.915720117,21.14,4.88470492,93.99841228,58.10267266,5.469700979,7.827467584,21.15109817,142526
1118,9.960511275,51.26844539,5.952535592,26.30834127,4.190175534,0.283031705,24.30462479,2.111716113,21.82,6.967366842,95.84705402,40.08980814,0.721186556,35.67288066,24.04408763,154795
1171,10.50657821,48.58557858,2.195185129,18.99760991,3.746751648,0.09705222,12.57666795,1.874785518,7.44,3.074550395,88.35518215,48.41312378,32.85434924,1.454334758,60.26942855,259913
1172,12.11306711,49.24976371,3.943171078,14.96917386,4.17459926,0,13.89655293,1.00268409,17.66,3.995967064,90.83847102,54.43896424,9.038224414,9.667077682,65.47472256,33978
1173,10.05488526,50.41836842,2.582766732,16.16537718,4.132059961,0.128143133,13.70281846,1.684231036,11.24,5.510740447,98.34381044,91.77224371,13.29545455,2.516924565,32.45647969,171574
1174,10.82338089,50.25628077,2.389092286,18.72873769,4.432072516,0,15.59606022,1.918485295,12.32,4.397141433,97.39256938,47.32094897,15.04476276,8.341539839,8.62354521,198980
1175,11.88369153,49.82185956,1.400860693,13.21960436,4.351466993,1.155812403,27.14616434,2.270378798,19.71,9.505383824,99.81662592,83.11847077,7.54612136,19.58768615,8.362969549,78725
1201,10.51788769,51.28725843,2.650216545,13.57861801,5.179062842,32.17099559,34.20056335,0.515559896,18.11,16.65514296,98.77860293,43.31058921,1.081916538,51.33260452,2.035661779,137588
1202,12.02922285,50.91806106,3.706001496,19.0871856,4.285711493,7.469281225,34.32654459,0.953812452,11.02,4.306623281,97.93057606,85.05654992,12.66190285,62.64675119,2.653007361,439505
1203,10.26028185,50.15494679,3.153221168,19.52629127,4.04937984,5.285913935,24.80424962,0.550008565,10.6,4.780866918,100,96.78856344,12.35078321,51.31165201,4.996214989,278587
1204,12.42104624,49.81095286,3.646717981,18.60261232,4.600515857,4.101443383,25.83098667,1.913279457,14.66,5.338925592,98.45369994,62.09468388,15.11231958,37.24715389,17.69668632,363705
1205,10.50159798,50.62977292,5.821026072,21.63638885,4.122174456,3.85522119,18.89813945,0.760973409,11.35,4.837727509,99.86132298,99.19567328,9.123561226,23.83441964,15.09360699,297806
1206,11.55632953,50.4064279,6.370034002,20.7458504,3.911597327,4.41258892,16.8888744,0.496716238,10.19,4.32677629,99.79521449,99.04505281,12.74412589,15.62190127,16.54666954,181790
1207,11.50248238,49.56059913,3.057969859,14.22594509,4.17996667,2.512060346,23.10510031,1.659100552,8.89,4.61040162,99.49478116,99.23866328,9.614068941,9.029032541,4.513639154,478593
1208,10.73111349,49.78644307,3.957810132,14.59051205,4.018058147,1.062870142,28.07912853,0.808816246,11.67,4.636493997,100,95.67456115,8.922618347,4.053698194,11.25678651,718718
1209,10.11447579,50.17447593,5.140454873,17.28627145,3.8865822,0.311652073,24.0290718,0.577496872,10.65,3.452988527,98.53052424,98.10653246,5.391399671,5.612455211,34.68080577,859228
1210,11.86640527,50.04759064,4.46037902,20.29214205,3.932019718,2.00812747,19.34852539,0.49914609,8.87,4.094601783,99.89666103,97.01713472,13.17292519,12.98998729,23.09067296,281876
1211,10.90058724,50.36011536,4.881480707,15.53898621,3.594178251,0.728613754,22.68195869,1.6462397,9.97,3.737058653,97.51966989,59.49659413,25.26964975,16.34994943,26.6158845,403207
1212,10.5567872,49.67829397,3.211356299,12.85990348,4.085850513,0.530787831,18.23545718,2.041798745,4.62,3.087008926,100,99.1124404,15.60784238,2.906029385,16.157469,2114627
1213,10.22269632,49.6580647,4.020613535,13.12796925,4.084376467,0.317515896,29.73288927,0.669148609,11.15,3.455070841,99.91047484,96.22840454,4.563793639,5.468594574,8.289233903,1028309
1214,7.407159436,50.34496391,2.790636876,13.00363549,4.711955052,34.76850044,19.98649871,0.997919829,18.48,17.24966687,99.15872968,88.32286753,0.827749902,43.80013821,3.83529129,314395
1215,12.76189044,50.30927503,6.202682531,23.69094358,4.107856544,1.453526843,19.07591778,0.995531644,9.85,5.050038775,99.69341391,99.19934713,4.614230888,16.5203582,10.13719176,186694
1216,13.00653734,49.58582654,3.379399928,18.61669446,4.121916967,2.852628807,27.87336188,1.804368471,10.53,6.706973784,99.81567629,98.41130519,5.670148337,19.88062846,13.56095848,47183
1217,9.635010829,50.34484963,6.327171594,24.01475138,3.910585367,1.14698253,23.68113967,0.10742824,14.72,6.344686082,99.86248711,91.71172297,4.125386755,16.90158452,11.98862393,125099
1218,10.58616073,49.79949711,4.366815792,13.90277117,4.048733407,0.324580887,30.57620322,0.28871624,9.3,3.868895447,99.13202708,97.59439949,4.69287112,5.039928077,2.023507325,612924
1219,11.13589076,49.71338664,4.090765389,13.95060618,4.078248528,0.269856976,31.72351108,1.033916508,12.48,5.189160567,99.64418858,99.08148681,4.631545281,3.392202133,8.810330525,409091
1220,12.34643406,49.78594418,2.850000382,12.58428011,4.054962258,6.70520948,26.08956725,1.953163759,10.7,4.913786337,100,95.64300882,4.81113505,39.34466885,0.55334253,262895
1221,13.99771861,49.83635157,2.559476325,14.32461874,4.297353582,7.05818275,30.26619634,2.279641411,9.1,4.559443106,100,99.29674484,7.658913238,49.32397796,0,269799
1222,10.59425089,48.99964026,2.202728505,9.140038176,4.031247676,1.575398498,28.26652976,2.033667801,11.63,6.189622976,98.81132403,98.07010585,7.740648008,11.29923895,1.239495278,326825
1223,11.81080521,49.48809477,3.304828777,14.3505524,4.262788892,1.434458047,28.84196402,0.835128769,11.28,4.545844467,99.60585249,94.33024784,5.649447596,11.0528516,0,357691
1224,9.94111152,50.55649614,3.419948473,15.62369774,4.717669121,30.30629254,34.36308372,0.807242717,29.06,9.666108137,97.7809418,73.81233505,0.260452841,35.41811363,2.417002361,136090
1225,13.00018677,51.96339357,3.161040295,16.68514412,4.748780488,20.2383592,27.77237755,0.571839591,27.23,17.37263689,100,81.04767184,0.360310421,37.20066519,0,85801
1271,10.85661722,49.81602852,2.721628148,17.21861137,4.486227174,0.644795213,20.24529164,0.266105255,13.69,3.558714271,97.49819457,80.65098525,32.49767874,2.919632725,84.30310533,87090
1272,11.2984981,49.61881266,3.064148467,17.39706144,4.345471213,0.389600469,25.54467222,1.274378868,14.46,4.927660699,99.23862392,100,23.48043085,6.284535662,66.54274146,171187
1273,8.978603213,51.24233624,5.031093264,20.60730512,4.058709396,0,9.298318046,0.739629429,10.1,1.54148485,99.13657898,96.97964331,26.53160218,1.571620289,83.93939884,251513
1274,9.809820431,50.56329853,3.908449166,17.08054681,3.939245673,0.494197482,18.05983011,1.186089987,11.9,2.644290657,99.69266326,98.4166011,20.27684894,2.166109363,30.6402439,160686
1275,8.812883884,50.55990912,3.539581535,19.37807439,4.164858938,0,12.64192909,0.777905722,9.11,2.429978833,98.4177033,95.66609287,30.05973769,0.275012488,65.73188418,2247425
1276,7.774462477,50.09810164,3.493528994,17.96960155,4.089378709,0.227080053,15.98261849,1.201914274,6.75,2.33535506,99.0084171,98.20303984,18.7704372,1.683420128,16.4890396,270926
1277,8.906273227,51.20828378,2.863925227,20.93018773,4.14910759,0.296827416,15.08870702,1.477002318,8.25,4.488199417,100,100,31.17651594,15.43309818,29.62106318,216013
1278,11.81616578,51.10810305,2.857739441,21.47648586,5.008871898,1.731102135,24.43033941,1.144112346,21.66,7.372116759,99.58165032,80.20051933,7.198499711,15.85040392,22.32039815,139281
1301,8.68516148,48.1167235,2.751566093,8.85133952,3.864340746,27.39887936,36.86427375,1.965158623,14.67,5.901252946,91.86219576,31.85956925,2.779723341,33.20346699,0.555944668,88692
1302,10.05043622,50.45769448,5.544259867,13.25343128,4.411540692,1.465300599,30.14002346,0.733203651,7.79,7.120761133,98.35105355,69.54571815,4.35144017,28.84013145,17.28107481,457285
1303,10.43857957,50.56150466,5.275671211,17.78699009,4.202971541,4.685715591,37.73344283,0.66497377,9.06,5.50435057,97.61203234,86.22264858,5.405189347,37.82262117,29.30999041,368691
1304,11.38352543,49.83727849,4.163576558,15.87582915,4.022496754,2.151405608,36.51184934,1.649818806,7.35,6.458854341,99.49461271,97.82227214,5.792650827,32.52377777,17.25687011,230104
1305,9.063822662,51.19353516,7.393624086,18.52694868,3.718767447,1.496671677,33.47232954,0.284764547,5.56,5.439213644,98.98325102,85.29310715,3.529095985,17.66695297,21.15310286,346578
1306,9.839808013,50.8077818,7.070374837,22.23812732,4.320109885,1.658807679,34.29397552,0.56616588,8.46,7.581784477,95.31828899,63.54307006,4.98063321,26.12832604,12.38211519,411003
1307,9.729817195,50.69163811,7.253902133,19.06241175,4.125217153,2.078680051,30.98811293,0.469676795,7.59,4.386614025,97.25295885,81.02487741,8.768281516,15.05737978,16.13309029,484288
1308,9.871713147,50.7811421,7.188844622,16.77876178,3.819349341,3.576899277,34.72920627,0.060310708,7.15,6.021813381,99.48365237,90.94109174,3.231991235,29.25834627,13.86023109,376072
1309,11.5046404,50.32693762,4.616402886,18.71445,4.273396948,3.49050446,37.26251591,1.008550032,7.41,6.181860024,99.61613776,95.58946943,5.17670096,48.04028222,27.6582849,275728
1310,11.12223051,49.57513783,4.026031527,11.86374979,3.994403663,2.306369164,32.95264724,1.770560759,7.21,6.177195149,99.25866705,92.83378152,6.279526128,28.9895099,30.583618,165603
1311,11.29485299,48.21229313,3.630137279,8.557279279,4.151780326,0,37.10300944,3.159567564,6.68,4.619151356,99.71422486,99.9929,7.062728531,16.64595832,1.265575633,235476
1312,12.08853762,49.47145579,3.338743443,18.06815969,4.139532619,1.47322298,35.10292278,2.193467958,7.26,7.01989094,99.03700097,93.14410906,5.170399221,42.22492697,11.35540409,427295
1371,9.192383241,50.08262853,3.014561452,19.44159927,4.07946438,0.324939074,12.703227,1.494836775,4.74,3.386344026,83.35040441,66.25754954,25.88563557,6.721294105,44.90869918,927011
1372,10.61240628,50.59893393,3.637535145,16.81438023,4.262139558,0.742728748,15.71872467,1.799691964,3.66,2.911158074,93.00961178,92.00474348,31.40681563,5.692173262,84.7522157,68602
1373,10.01257903,50.38962312,5.747145214,16.8573307,4.02452334,1.078238001,23.2090664,0.924482067,2.01,3.19512018,97.34385273,95.89086128,8.954635108,10.44049967,52.41288626,61398
1374,10.10010144,50.09474228,4.363886922,18.13633988,3.901067722,0.283730307,12.96185473,1.518456415,6.17,3.517138599,81.43806466,69.19286194,31.25513328,2.463973718,67.07981782,52422
1375,10.00253409,51.54342007,4.254897924,23.61039703,3.606912311,0,12.47128383,1.527440405,5.35,2.787579083,95.28420451,96.75235647,51.72807769,1.308197658,40.18280491,126804
1376,10.39621679,50.28518775,5.07245825,14.67869366,4.200396635,1.100342258,18.92162155,1.574809565,5.88,3.968044873,91.62588363,98.83888302,19.65262451,2.101525765,79.03911973,131819
1377,9.33713306,50.65800144,6.123583791,19.59675308,4.520659859,1.15737104,19.61803714,1.026931681,5.2,4.222994557,75.69520817,47.27939251,17.11442786,3.592563498,8.316313171,86618
1401,9.704625546,48.77783084,4.057458025,13.46225579,3.734473353,0.53620553,33.81554622,1.106490516,9.97,6.149017222,100,88.76183149,5.863290903,18.29509955,2.994591318,321216
1402,9.892298074,48.68363001,2.643828668,12.76239179,4.058980694,3.43694936,33.63646054,1.951666827,6.94,6.845828773,99.10748487,97.51302383,5.477667969,12.19164177,11.43989887,425897
1403,9.517413986,48.67263151,3.096128312,10.31210572,3.84917563,14.72371319,40.91940201,1.172991036,7.7,5.652131868,99.66961059,99.03930458,6.253875928,21.54053418,7.285139961,722234
1404,10.32017221,48.65939279,1.549986964,6.972846128,3.926964511,5.348325194,29.6875878,5.068975717,10.25,6.981602447,99.43100996,96.3060949,15.9498419,5.007655997,2.077538484,438788
1405,12.05560699,48.6470293,1.957968143,7.280094779,3.968990917,0.79325561,20.95840261,2.714234194,5.8,5.00908798,99.24537697,99.86950774,15.41611579,2.119640803,11.79323844,465414
1406,11.35097964,48.67471394,2.590024219,10.08925258,4.040017186,0.272444974,27.49899841,2.404560407,8.02,4.615955099,99.12309826,87.22633439,11.29035408,7.2734996,3.169247896,832387
1407,12.38662082,48.72103407,2.319951742,8.311299193,4.064911618,2.5218154,32.44604479,4.017362738,10.91,4.518579639,99.79769138,90.37113389,9.850381249,14.48043176,4.044892027,641208
1408,11.05366302,48.67592217,2.832284671,10.84039068,4.205863261,2.296091663,27.26166761,1.42103101,6.85,5.142395965,99.49504099,98.75609498,16.61835968,5.131108193,7.204534819,559081
1409,11.87230772,48.70792864,2.328408689,10.37147827,4.334946689,1.05659796,29.69248893,2.666984733,7.88,4.55358103,100,96.90017524,6.150221783,5.801660001,0.286295681,679663
1410,9.037797307,48.76049318,4.384181532,13.29943236,4.327719962,15.69063387,34.93138176,0.617459207,28.99,7.094491075,99.52223273,90.77341533,6.861400189,4.976348155,0,183297
1471,9.362631363,48.67981807,1.983961579,14.61840761,3.942240367,0,15.28589873,2.514569426,3.05,2.687542986,98.51129345,98.95117988,40.10310065,0.556583573,3.85536825,1091088
1473,10.56512799,48.67589807,2.515844315,12.17277304,4.130528166,0.160388279,20.36629511,1.986222075,4.57,4.79626085,99.29847561,97.54257263,30.87823043,1.11434987,0.48674356,297638
1501,6.99392935,50.04523395,6.027952044,17.76181813,3.21143664,2.89174292,30.54592784,0.402684564,7.45,5.773076853,99.37956502,85.05932825,0.925900785,21.43691113,47.65130739,236782
1502,9.027204072,48.79811715,3.299765441,8.79155716,3.849703948,2.831664741,36.89586463,1.481375227,9.43,7.00299006,99.23814004,96.39624899,4.849315349,21.53558244,8.961313876,377905
1503,9.122996616,49.09196083,3.270534363,9.088369624,4.032277889,1.005628727,32.96941446,2.154492973,8.87,7.430220193,99.74300599,89.51632052,5.516990935,20.26760898,7.25170049,290231
1504,9.269373803,48.96397581,3.286127493,9.061465066,3.883839342,2.391199685,33.57087238,1.141751575,10.33,5.242740153,99.26177728,87.02420378,2.827422202,18.17982872,8.556672454,266971
1505,8.243227421,48.33030259,2.963757709,7.464393875,3.923837117,0.415365719,30.0488918,2.666583075,4.37,4.38785183,98.4491763,85.15184758,4.87937517,7.964145406,9.605918258,421179
1506,8.571864355,48.72411131,5.324021649,10.14643806,3.758385881,3.210172495,44.70973705,0.691011516,12.58,8.509046423,99.80023277,96.93400733,2.728994042,10.80306426,0.515920579,216777
1507,9.708048518,48.21979665,3.194805599,8.514961658,3.883923172,4.377222478,35.81985082,1.77923829,11.32,5.153117358,99.32630204,99.3843586,9.29509664,15.19872276,10.05346041,322527
1508,8.936252449,48.51062459,3.589844196,10.84852525,3.925595991,3.806984069,41.90709777,1.79300135,6.79,6.296784566,99.73447665,93.79640911,2.414998046,18.91307846,1.534518035,343003
1509,9.851939881,48.89059769,3.558196435,11.0498862,3.89446689,1.97867776,32.06435679,2.184409512,5.82,5.102794114,98.93497697,85.93908242,6.957497087,21.1175119,7.483474719,359590
1571,9.05890879,49.74753861,2.881878618,13.63387556,4.134787857,0.056842903,20.0017024,1.253133272,8.84,2.628848279,99.09261884,91.53110921,19.00447726,2.055467445,46.53117938,591134
1572,8.27103278,50.39184511,5.710226312,17.66538626,3.785019206,0.042680324,20.1146789,0.716808371,2.78,3.40020652,96.32095604,84.5924029,12.09987196,7.895860009,76.39778062,88918
1601,9.47897225,48.89608503,3.742861294,10.84937912,3.947021328,2.278391672,31.08351718,1.248985839,12.95,4.38913273,99.71878515,99.56218708,9.682613203,23.03425307,22.82141203,359092
1602,9.674963673,48.88042492,4.13697251,9.198638119,3.686017869,2.922560154,44.65620512,1.39473455,15.75,5.526257272,99.84507461,98.92786144,1.670360807,6.879784293,2.212371181,809203
1603,10.2602286,49.14657608,3.749484961,10.35760728,4.008179454,0.853055917,40.23707327,1.494342874,13.19,5.448402771,97.83680104,94.19960988,4.367360208,21.22301691,17.35240572,618762
1604,9.461069171,48.98449459,4.908838006,11.56458702,3.809587686,0.193123656,31.19891703,1.034359703,16.81,2.662492587,99.91057328,98.93544152,5.616758947,26.94788515,8.143539395,401494
1605,7.370338058,48.80899997,4.172124622,8.144463413,3.857430192,0.93993446,40.46562805,1.2536694,14.24,6.543467516,100,94.41435608,2.784482251,14.73774063,7.17901925,394384
1606,10.4373032,48.73248684,3.558406956,9.42739297,3.994296844,4.22008071,42.73330724,1.462994076,16.75,3.650688307,99.6161827,95.40374015,1.470344863,12.01227197,22.51027968,629791
1607,9.98001998,48.9765656,3.942443099,8.392033329,4.038899989,0.956214421,43.47172504,1.423816943,11.47,4.717794717,99.91492754,98.0676399,2.354319493,15.48367338,11.2144944,833625
1608,8.929419156,47.33285766,3.717369613,8.201798415,3.756818813,5.953779449,41.3371689,0.271872858,10.98,4.310342137,100,99.77573207,3.95672697,34.13678208,13.05986886,352926
1609,8.984396842,48.93452718,5.09305225,8.753502604,3.791837857,0.414295783,39.8358264,1.081477565,11,5.786910587,99.56335631,94.42219204,1.122552475,8.138075673,3.565350432,663481
1610,9.323573132,49.91778871,4.565355588,13.83117665,3.87586028,4.989857261,43.77736341,1.317005336,13.58,4.519781456,99.59151159,94.20891264,4.753656481,26.55267277,9.826878722,419773
1611,8.048298825,49.01156561,4.167231193,12.71977845,3.921668706,3.902878856,40.40162853,1.204801942,12.44,5.643764176,99.82932955,96.23397952,5.480775423,44.2728795,1.735686224,244312
1612,9.134819129,49.67020548,3.357710237,12.01034987,4.141163235,0.384745191,43.71964479,1.401795994,14.53,4.929413242,100,89.06288671,1.18798515,22.80346496,13.99257509,184671
1613,8.484099998,49.6161331,3.520562007,13.46339658,3.845239808,0.326871287,44.77382194,1.228137534,19.49,7.418723529,98.05727443,86.76890817,2.851386633,38.34261867,6.451082376,187635
1671,8.673326839,49.85245176,3.783218443,13.09500771,4.230696409,0,24.66928214,1.465403545,11.4,2.082559201,99.55673527,94.0239023,19.34935537,2.018358221,82.51967886,1623099
1672,9.862577417,49.60216879,3.414626083,9.622823985,3.989010023,1.112185687,27.50605047,1.398569689,11.42,4.808509338,98.85484438,99.65711271,13.73747143,6.171971162,12.88025321,182128
1673,9.241507883,48.77352397,5.039487977,12.23092807,3.853817215,2.277034481,26.88676885,1.040313509,8.89,4.02497311,94.58886092,86.37739371,9.999151416,22.81277402,2.687183549,136605
1674,9.162474525,49.87945281,3.667920239,9.819787986,3.979204947,0.128975265,23.44386508,1.445495071,13.12,3.58722695,100,99.28975265,16.64664311,12.13957597,21.38869258,226002
1701,9.222859428,49.74035106,5.133630505,10.8096828,4.043640442,0.276502504,27.75957188,1.040210808,21.06,5.873365549,99.35308848,80.92132721,6.132616861,15.65369366,6.649102671,155427
1702,9.012229612,49.36027639,4.057321711,13.66752662,3.684074745,4.695049815,35.73310235,0.503464163,16.97,4.707943379,97.30611896,98.11000727,11.12758164,11.60791916,15.42638863,258763
1703,8.78021383,48.69055186,3.964834751,8.113941523,3.731195884,1.105533944,37.78204286,1.943357816,13.11,5.622492921,99.1579872,87.59693814,1.956330782,18.92709248,18.23566319,298757
1704,9.32757265,48.24177961,4.33065873,7.334017004,3.912567402,3.50325846,33.29638273,1.146174552,21.54,5.356160424,98.66353502,95.83512521,1.941843925,23.5171524,3.896920176,118586
1705,8.589579076,48.6140815,4.084617862,8.088235294,3.867830882,3.349673203,35.48229079,1.104369023,20.73,6.233283074,99.32802288,89.12990196,0.590277778,18.33946078,0,189874
1706,10.76172404,47.97397669,2.891298455,8.565436791,4.029316032,1.299779365,36.69605556,2.364675452,12.2,6.221749696,97.50966643,66.91133102,5.168534417,9.74943749,0,185499
1707,8.726716906,49.04112754,4.149189535,11.24102497,3.706211712,2.760028984,40.1103135,1.724155128,11.83,5.99076995,96.73934523,91.05131414,3.744812595,39.43086753,23.89500033,113042
1708,9.224574099,48.87701806,3.581060499,9.704469592,3.652663573,1.156069364,36.25326664,0.940640651,15.95,5.562239628,99.81546311,92.69993758,5.750495264,13.95424571,22.59491438,134938
1709,10.40509343,48.79788616,3.777685593,9.87453374,3.760189895,2.594099695,35.03396888,1.604856374,8.41,6.732762959,94.92370295,79.95252628,1.139369278,15.93082401,7.714479485,111318
1771,8.498561118,49.77959001,2.06335455,15.6286829,3.717529565,0,12.19751634,2.354199421,19.18,2.978686546,96.14946966,63.18324054,29.18376885,1.489413582,25.67460479,368065
1801,9.260408525,47.01154322,2.956755687,7.880891216,3.681664361,3.563136054,40.5798923,0.038042329,14.32,5.972819899,99.85302836,72.18654283,3.806442051,16.90544413,21.2367849,298286
1802,9.270425289,47.88261312,4.135134027,10.48554807,3.850610719,2.868669053,43.11319363,1.070883457,13.25,6.572468382,99.67818785,97.68018848,1.589317679,24.13985996,4.211198273,586624
1803,9.857429778,48.72793514,4.61073654,11.53212896,3.756986123,0.119881333,33.8028169,1.030253214,15.16,5.631909524,100,98.05761891,1.495102316,9.286250825,2.193145519,992763
1804,9.204444258,48.86450202,5.807655431,11.77134077,3.580161682,0.303109668,37.53673233,0.862941276,16.35,7.046019513,100,97.82201037,1.338501563,1.869292686,1.187994343,1027476
1805,9.063841997,49.02956954,5.198970237,10.48681426,3.598629941,0.382415194,39.86143805,0.901362239,12.9,6.579577595,99.02408329,98.50838053,3.321320291,3.712316229,0,1261498
1806,9.89930279,49.2564238,4.465545919,9.760196788,3.937286695,0.197045604,31.39086387,0.471441758,21.55,5.36495138,99.51897691,99.20473425,3.425760171,4.691102039,0.124280397,612100
1807,8.975150066,48.49344156,4.286239298,10.04575981,3.627913484,1.002436134,41.00275957,1.026131163,14.06,8.275035328,99.87572426,100,0.845239663,7.586581512,0,441922
1808,10.51775956,48.19444444,3.384790528,6.698556405,3.758311156,3.89608167,37.76828095,1.204388699,10.09,6.792771612,99.78863778,98.08918288,4.009036377,5.668272563,0.134347644,440511
1809,9.432143416,48.42747761,5.373494198,8.749298443,3.811666901,1.378560404,35.85405917,1.071971154,16.48,7.053384309,99.59309667,87.46579907,3.357829381,19.64974744,6.540269398,435827
1810,8.961439733,48.77312866,5.70352072,11.18242244,3.7485147,0.773404793,34.59588655,0.831010615,11.3,4.83166037,98.95957506,98.31205119,3.318679013,12.86751032,0.554066812,393901
1811,8.359918903,47.72560658,4.436546016,8.834788208,3.538011591,0.001788781,43.60265197,0.590204398,7.66,7.075154203,98.88022324,97.21844591,0.261161992,1.436390956,0,198092
1812,8.403254986,48.66956528,5.307593231,8.300849041,3.586185721,0.134832061,40.40203168,0.707720826,8.11,7.833455255,99.83179367,99.82511881,1.23484808,1.609974903,0,269162
1813,10.18461336,47.5481243,4.037842455,10.0670796,3.911948392,6.001182246,37.4879692,0.068720517,15.61,7.705474442,98.97453031,94.64134262,8.540440515,33.06432959,2.945333984,152529
1871,9.473079483,49.64368667,3.080896523,14.74387455,4.16040957,0,19.63173232,2.072050365,9.94,3.243603397,95.58259696,89.53324777,19.49408435,4.103931151,14.83396686,1015910
1872,8.137615922,50.01539466,4.341293398,12.63737514,3.695055633,0.248014744,16.82815177,1.366569783,9.89,4.274060022,97.90211381,99.63139093,14.25743475,0.864638558,1.426653621,162976
1901,9.351280486,47.9316661,4.127989685,10.92116591,3.60741718,1.400923514,34.75602574,2.976899262,5.1,3.542818459,99.7965139,98.91325008,6.711687034,6.587582876,7.487617536,324305
1902,8.065182769,48.1871938,4.310064532,11.98329023,3.609687686,0.879252039,37.43587171,2.261669335,7.77,3.810003357,99.82693455,97.26874876,4.939327631,14.27093694,1.653073404,182418
1903,8.311243324,47.86414153,3.472549482,11.51076431,3.830252891,0.268872802,39.47483614,2.050298695,2.98,5.629052206,97.74936542,94.11112156,2.914355551,12.39071167,7.765347372,204778
1904,8.637902087,47.60013858,3.418703195,10.92500347,3.723332473,0.853360853,42.55705589,2.15376591,6.07,6.822278877,99.58721149,98.92238385,4.425569073,12.65157078,1.248288317,188603
1905,9.68746419,48.23454385,2.994325231,5.008615288,3.930000783,0.569783835,50.42342472,2.347943397,3.92,7.940133172,100,99.18154762,3.784852757,20.85291353,3.046679198,201782
1906,8.013816368,47.95135218,4.818781222,9.591263289,3.589438313,1.732278903,37.39569749,2.159005901,6.81,3.972591923,99.62052084,98.8905304,4.794183251,16.58410822,7.986443035,124587
1971,8.734245066,48.77771713,3.77184053,15.32725302,3.800489665,0,24.26392839,0.862977602,4.8,3.718451624,97.79463985,75.26445632,18.57361791,0.338279819,2.197884349,204392
2101,8.505875769,49.03556939,4.004179491,11.3616307,3.957986538,2.159505805,35.23947172,0.826684602,7.41,5.409977064,99.04656434,93.76200446,12.55731861,4.095793463,20.96866294,229194
2102,9.858603744,48.5385632,3.595853061,14.47753732,3.711020641,0.540437588,30.13516115,1.158513141,6.01,6.598959482,96.52405781,97.79301478,16.47025212,3.614027569,11.50155941,156313
2103,9.761202675,48.57959033,3.29761466,12.01231539,3.654399384,4.295954202,32.99571603,1.358753316,4.64,4.427489825,99.81719344,99.54779429,9.462644922,9.400105835,36.51801607,76192
2104,7.920769894,49.03931256,5.469476467,13.30484567,3.703078327,5.136077,46.40806534,0.423333394,13.84,8.525471778,99.90043146,97.74311318,4.036674411,15.5575838,38.51642881,89330
2105,9.218364085,48.35827401,3.661194247,12.02670569,3.777025791,2.615694165,37.61203873,1.5374154,6.87,8.124616575,100,100,6.447777575,1.353576001,2.423632705,41412
2171,10.05450108,48.95084048,1.130844275,13.72338482,3.518297846,0.302473475,13.00709854,3.779258854,4.81,3.84128697,98.92598394,97.65631486,35.06118654,1.102519967,87.96609419,1283196
2172,8.566846889,49.43947057,3.608317346,11.5702182,3.713047076,0.354373909,20.17008371,1.171192439,9.29,4.260076618,99.51071217,98.00507276,21.85065928,1.629760213,32.09152561,207057
3101,10.24662361,50.04194279,3.032463719,12.07948405,4.155830573,0,33.19547021,1.174884438,12.98,3.243142203,95.92121318,100,5.943873104,11.01621056,2.405438382,23897
3171,8.752393289,49.89018101,3.784929414,18.04278365,3.609170756,0,14.06211188,1.043130826,3.14,1.853037476,97.05803521,92.1727915,38.51503146,2.20026023,4.644993819,2226830
3172,9.376278441,49.55776553,3.212049811,16.2321413,3.697009164,0,11.55004638,0.910146885,3.31,2.309776117,99.29756215,98.14484691,36.35989919,2.425811806,20.82468893,2892783
3173,7.925712336,50.06323187,4.874285925,21.7200944,3.420943673,0,17.03700439,0.580282364,3.78,2.168685219,98.80136032,93.45784319,35.07535634,10.87732991,45.3412871,921344
3174,8.960712581,49.4365204,3.435521179,14.76146077,3.777483803,0,19.48687485,1.326824694,3.45,2.349618161,98.02593906,85.76544516,33.94203585,3.134902908,48.25034253,2528065
3175,9.132778778,50.4010052,3.15357264,14.78123704,3.631219977,0,17.10876567,0.860959067,5.59,2.984973883,98.67105562,88.94712215,37.49466195,4.87095713,88.33475341,1781316
3201,10.01956581,48.87990595,3.377553353,11.78307609,3.878330403,0,38.90281887,2.294883975,8.57,6.010260739,99.02196701,98.66558656,12.47754708,8.70149759,4.9805226,5715009
3202,9.227337461,49.30851062,5.698683516,14.28360337,3.551130832,0.702170688,48.22920321,0.335531644,8.04,4.24369459,98.8993,94.52721183,4.69948775,16.738231,7.570173609,2453498
3203,9.368021795,48.56063844,5.420497012,14.81678181,3.481780076,0.178162029,49.58683562,0.289837929,11.41,3.681423116,99.60430738,93.72959203,4.413601451,17.17148481,7.971438496,2256589
3204,9.820134019,49.30323313,4.281772923,12.08851774,3.669924502,0,34.78638351,1.640909671,7.36,3.484337106,98.73579189,87.73102504,9.975828204,10.6921154,8.27775701,3657601
3205,9.988928237,49.61991849,5.458677093,15.38632455,3.728272851,0.11008576,43.79815777,0.764291059,11.27,3.481830079,98.7544294,91.43841546,2.879831942,19.23052506,6.476880548,2588839
3206,8.472547549,50.4469936,7.119654546,15.27432267,3.433797372,0.402157689,51.68144035,0.371701278,10.84,3.462585332,99.43343946,97.5671918,1.121715139,27.99332163,3.04558246,1747318
3207,7.483820792,50.55037687,8.69928404,18.84261129,3.157707052,0.219364538,47.05231928,0.59329756,8.2,2.801281276,99.26807149,96.50407831,2.780044247,17.81721584,4.289914314,1181981
3208,8.369030107,49.71775407,8.107738161,15.30687395,3.570620845,0,47.18784133,0.620124742,13.27,4.553402697,99.58422881,92.85054331,2.873240002,6.195392372,10.02303145,1068201
3209,8.54303926,48.74111492,4.973418408,13.05944854,3.727533861,0,40.96622067,0.786115395,12.97,8.531481018,99.8073491,93.71982264,4.390503729,11.87085818,11.22165576,2159577
3210,8.083171675,50.00582893,7.887755812,15.92731233,3.262596661,0,48.12215854,0.486130627,12.6,3.979831215,99.64345718,97.21223465,3.33092537,11.23397199,4.529981886,1193725
3211,7.874704576,50.17683948,7.97501984,15.26977937,3.25574038,0,39.71500016,0.404837163,10.53,1.826680048,98.61798832,94.30623696,7.083449401,5.691204812,12.59557824,1146435
3212,8.01652728,48.48927402,5.718729395,14.94474265,3.231096992,0.25599449,43.22409601,0.489568768,13.67,13.28393669,99.6323745,99.67797293,2.76674607,9.163959457,27.56793882,1709994
3213,7.87718678,49.47705947,7.316483134,15.76873865,3.42609187,0,41.01793832,1.046092864,10.77,6.366006543,99.69419296,98.70730024,2.989478127,15.64034806,11.83897534,1562509
3214,9.465438356,49.11809979,4.922100232,14.21388097,3.616309019,0,36.16732298,1.133741015,9.06,4.274618243,99.51139063,98.7575252,7.346055373,8.19141493,13.18514874,943337
3215,8.956218992,48.72433207,4.668630065,12.50717441,3.60482588,0,39.85621766,0.902367102,10.25,6.603069723,98.99339955,96.30408879,8.260861428,19.55665286,7.518934195,2316489
3216,8.982502364,49.06051829,2.709937456,11.64896772,3.652676753,0,26.70758794,3.72588613,4.73,5.808850299,98.22364408,96.30086495,17.21062717,6.815000058,23.87562243,3500023
3217,9.44211793,49.24518652,5.310288809,12.84183241,3.578179563,0,38.31686871,1.072831954,11.49,3.608531685,98.8232052,97.68236444,3.41692466,5.717767319,12.40241818,1666510
3218,7.526630998,50.16714864,8.293309746,15.28448886,3.105052333,0.356496419,46.57125311,0.56696562,10,2.868207706,97.31014402,79.6600299,2.152356969,13.12190131,1.28826631,395098
3271,8.829191061,49.25401962,3.982523992,17.25705704,3.67582005,0,24.96396721,1.536579134,7.11,2.752430937,95.61968802,97.90012629,14.44277571,3.877871454,52.84329454,1081009
3272,8.990446954,49.36452283,5.305700572,17.83874249,3.534746606,0.342379593,25.93290162,0.928950365,8.48,3.191189122,93.99687155,97.0006235,22.20982509,5.212264409,12.40442359,323788
3273,8.150045611,49.52852846,4.447981488,18.34167245,3.415166105,0,23.29727646,0.130403207,4.17,1.740752986,96.62330875,96.37977105,33.437863,3.447426641,34.34469888,2497938
3274,8.4793638,49.84517252,4.680652323,22.84361063,3.602406168,0,22.49433479,0.858269041,9.66,4.777017746,98.07091741,98.42354541,15.77146018,2.254053493,70.55095244,313325
3275,8.829580785,49.60459048,2.386253334,12.6557378,3.93339406,0,18.55440057,2.604109439,4.79,2.019164031,97.11255205,94.27937007,28.2655101,0.734113361,14.09849274,2859630
3276,9.352053304,49.60766965,3.006598629,11.35000554,3.812409512,0,18.55154334,3.52056962,2.34,2.423194213,98.50359393,99.25068852,25.63484281,0.186219422,8.94603559,2254513
3277,8.845799601,49.62224106,3.858347071,13.92067675,3.605910737,0,15.99669525,1.19522859,5.76,2.539039262,98.2780405,98.74132101,21.27540522,4.967329699,7.795145783,601099
3278,8.333787219,49.69241709,5.125877511,16.40410173,3.701633634,0,31.39300804,0.339711245,14.8,2.280165776,99.46572281,98.27620002,13.41405362,8.463309046,10.45704781,661404
3279,8.173543789,50.57414509,7.124556293,17.56630207,3.413826041,0,33.18621531,0.304966179,7.06,3.532230408,98.30124363,99.27517231,8.49752772,7.188342823,18.11320048,182388
3301,8.277554363,49.9018762,7.726072269,16.31453886,3.49891834,0.430412545,43.58679155,0.481727741,13.94,7.536299539,95.39460623,91.99653705,1.077157026,8.36797305,18.35771928,1711627
3302,8.182956338,50.01932129,8.186567793,16.8588624,3.696432346,0,39.50968333,0.82434751,17.05,5.133306674,99.14207207,95.95821606,3.247043642,13.61582361,14.73807166,1665025
3303,8.538890505,50.59616138,8.014049719,14.18768868,3.965187897,0.203424824,42.90154228,1.016218171,18.8,8.376538802,99.42138867,98.23380409,1.999548909,14.44489746,23.30450397,916427
3304,8.250646956,49.89759505,7.625247236,11.75738765,3.897227068,0.159894658,49.44031333,0.574071612,17.21,9.804559248,99.65156645,91.83211916,1.085060538,19.8295027,4.374016691,912917
3305,7.956740638,50.21135197,9.44749614,15.26388017,3.66509434,0.225233541,37.39931887,0.27417792,19.6,7.066259868,98.86275523,98.59598272,1.405863457,9.192113134,9.061957686,1192007
3306,7.041837342,50.69705563,10.81651087,19.69682481,3.251574389,0.092437013,33.54993171,0.297100471,13.81,7.661447654,99.74591205,90.1233556,2.791779936,10.92578173,8.552017449,714574
3307,8.350385574,49.30780454,7.379843932,13.10894717,3.534903345,0.111004819,50.67289015,0.427718089,20.32,8.24723314,97.96852156,91.86145155,1.768406043,18.10687147,39.55426601,784207
3308,7.693742084,49.82154893,8.266428995,15.11387399,3.59581837,0.167344759,41.20463842,0.9147959,12.42,7.055228378,97.56455132,86.86102146,1.693619875,16.86261251,16.26198973,1268396
3309,7.732197093,50.76638706,9.833468274,17.20533911,3.467029542,0.164932442,31.81577038,0.577114631,11.96,10.32936049,98.8119877,97.48825346,2.186512587,7.490355193,18.14933689,974579
3310,7.30213141,50.92191917,10.15787303,18.34058782,3.491486202,0,29.33759954,0.353920545,14.15,8.202184524,98.1095418,92.67975069,2.64813828,9.026900487,12.72130186,1167401
3311,7.35005766,50.44742308,7.558227737,17.27834385,3.632716062,0,23.9893486,0.740923656,8.75,7.412373038,98.33050872,96.55120975,7.173135652,5.4186988,8.917213288,878374
3312,6.196938634,51.40689918,12.64437932,16.94687466,3.571702923,0,42.39901849,0.24702122,12.9,10.7291946,95.42383097,97.60522306,1.054196007,2.194120312,16.63166406,954706
3313,7.72191227,50.54630043,8.354912449,15.30651034,3.673173905,0,30.01569776,0.878731511,12.28,9.703020387,99.11092152,97.8763484,1.509955145,3.034693067,26.8092008,871596
3314,7.354833457,51.01809366,9.682857718,18.90689314,3.38945908,0,31.59697585,0.342599874,14.02,14.31558109,99.34425853,93.22183301,0.946245296,5.944597319,26.25840277,885122
3315,7.76710208,50.53871083,7.688629465,14.99454893,3.38620419,0.242131953,44.43455699,0.489196443,13.27,8.692170804,99.71639519,95.60288373,1.415043969,7.453194031,12.37108026,1365207
3316,7.128895892,50.75333309,8.811905075,13.88124479,3.372961647,0.117937509,40.93093415,0.375749372,13.04,13.21148261,99.6638781,96.81175601,0.940355071,10.40405391,14.9933955,858865
3317,7.136155171,50.1558749,6.933844367,18.07641343,3.465917624,0,44.77535435,0.772969952,18.35,9.038854104,98.18076413,95.37709806,0.579726148,15.60457155,10.0601811,628922
3318,7.158376674,51.56376634,8.340810056,18.46085533,3.47678744,0,36.8975405,0.619044775,11.38,8.474678917,99.65873738,89.53870901,0.781106004,8.480180517,19.37796371,1246691
3319,7.613194901,50.77167365,5.165537015,16.70885497,3.885903921,0,27.56357914,1.198763306,7.59,6.52796177,96.68505253,89.52509555,1.918842835,3.008262193,19.26441306,851478
3320,8.632394061,50.12938786,5.935350373,18.23650067,3.665634079,0,37.59443506,1.458952043,8.12,6.152641471,98.51728431,97.3666007,1.537452857,8.825015489,14.08008469,1223198
3321,8.245593374,50.45305458,4.874796982,19.46634324,3.65086424,0,35.63179216,1.028034909,13.41,7.639766248,99.46095277,92.9404064,0.931139924,9.337709883,26.48518743,1140675
3322,7.712075485,50.87536699,7.710903838,16.86278002,3.800550676,0.157335975,32.62041411,1.350601655,7.78,7.314866929,98.97694508,96.51189111,3.674017671,6.53983309,20.43141228,1027489
3323,7.82868255,49.90158039,7.725444274,11.17815793,3.752661643,0.115928243,46.35034573,0.849715756,11.46,7.583099269,98.54098856,94.79115576,1.603178614,12.42017548,22.73729372,759128
3324,7.824911609,49.30799923,6.466561061,17.87521461,3.604056374,0.055845896,39.51577915,0.779223709,11.1,7.998605165,97.79220044,92.59023074,1.643303209,15.7745788,37.14053921,957024
3325,7.908995719,50.07183851,6.095272178,15.98667691,3.890043259,0,43.96006106,0.847868217,10.8,8.300242228,99.427169,98.02937886,1.030167725,15.15707738,19.78097335,756079
3326,8.549185313,50.32668878,5.730731579,17.13974733,4.204654125,0,43.85862647,0.737864746,12.61,9.021575886,98.71574284,94.8529901,1.714402502,14.97808873,8.66897345,886197
3327,8.478708277,50.54192341,6.457689059,15.25813958,3.976577417,0,46.07589398,0.281930269,17.37,7.8383608,98.99740295,90.15269191,2.380323803,19.15463816,27.02591526,1296281
3328,8.777722707,50.316442,6.079344358,17.4040587,3.712200722,0.138900766,42.67357022,0.308311236,9.9,8.208379568,99.3560291,98.96653684,0.576852809,9.20891349,24.41103225,1433515
3329,8.255669956,49.7445775,6.202313795,15.64561614,3.807389929,0,49.00352747,0.402817443,19.14,10.68838115,99.82451412,93.99273866,0.981617483,18.59471251,23.42619726,1796004
3371,6.808314316,50.81025861,7.661825162,23.24417601,3.490969226,0.109289617,20.96229445,0.362728249,8.75,4.430810577,96.10296232,99.4794363,14.29680759,5.165372448,73.66407823,121474
3372,6.820447379,51.38336701,6.41530877,20.40912026,3.504203337,0,18.84344055,0.295864497,10.65,3.610513302,96.85140508,89.3017092,18.26361752,10.99459717,38.92215162,516102
3373,7.566175494,51.07553432,6.76702509,22.04819067,3.281094831,0,19.29515047,1.441078752,5.07,4.34178175,96.95802917,99.84842413,21.89138805,1.426903845,65.29609561,188928
3374,7.140804622,50.95577679,4.723155786,15.87952784,3.583500178,0.108090845,19.74684507,1.549823945,4.62,3.515303938,98.20872178,86.85508866,13.96930875,2.675043707,48.79851293,1757686
3375,8.347027052,50.0074693,3.861462722,19.93070964,3.908715793,0,30.20157923,0.913421126,7.47,4.782515783,99.31617943,87.64062439,4.554478571,7.510348139,40.93061881,301870
3376,8.154002566,50.48776355,5.451736019,18.41147239,3.431003696,0,34.00140827,0.36114969,8.11,5.840855681,97.18311809,89.9948784,5.813712055,4.641280124,90.39214872,248094
3401,7.319952213,50.81414775,11.0579875,15.223068,3.585762561,0.649406062,30.2567212,1.143695886,20.03,6.717406711,97.20183643,83.25966002,2.548129437,8.209311851,15.57294511,421295
3402,7.211436231,49.96870859,8.141814096,15.50592815,3.511891701,0,24.03650066,1.173200762,14.07,6.828082591,94.22084587,88.16988144,6.021589099,3.091134313,5.671916475,995264
3403,6.676167206,51.74940015,12.55995097,16.55138826,3.579753635,0.152502017,35.99611135,1.158473651,18.65,12.61925763,96.84419213,94.53206478,0.91697987,2.113874732,30.18851217,729364
3404,7.496855726,49.54325067,7.205070493,18.5668107,3.238658997,0,17.49385463,1.109416869,8.13,4.477092751,94.77954701,22.12230216,20.98439252,1.962363543,6.072388685,1193512
3471,6.458248318,51.19337971,6.288850085,29.59917923,2.921873917,0,14.58523149,1.225450971,7.64,2.94568964,89.1469214,94.98384793,36.28252943,3.574250974,16.80854604,422732
3501,6.240360745,51.25289969,11.80378139,11.88934889,3.46930749,0.146782085,45.09212059,0.13684415,15.42,9.187890382,99.62300841,94.42353532,0.747083177,2.00288546,19.41098984,553388
3502,6.321674526,50.02167556,10.56812968,20.06572796,3.460040026,0.236334194,36.91607192,0.097990182,11.39,10.65920186,100,94.40198298,1.560442271,7.541607152,10.35414321,869894
3503,6.542128931,50.31261955,9.51760876,15.09325466,3.463648182,0,43.79213437,0.239889943,12.96,7.204600712,98.4159208,81.03855193,0.403520176,13.66868343,5.603780189,693104
3504,7.39657269,51.21997413,8.650637327,25.75433042,3.424460527,0.103437725,37.54291687,0.48217714,8.04,4.188342199,99.46684671,97.59099859,1.329390948,6.252827076,5.39339595,1030790
3505,7.345071406,49.90973938,9.53249252,19.31609426,3.432251053,0.331978622,39.73046639,0.301187165,9.8,8.732975627,98.38774508,94.67315737,1.195420779,10.96601313,3.446622899,1153803
3506,7.824679176,49.81903049,8.051460099,20.37465993,3.541885245,0.153969833,36.39990085,0.497002813,12.25,7.231689664,100,98.06379529,2.694017886,10.20697361,2.102664723,1561392
3507,7.502690861,49.74494645,7.738639204,15.68529945,3.55361018,0.160234495,42.89249877,0.610899612,11.04,5.963187668,98.2280275,96.55509649,3.288951141,5.704209885,23.0705902,2576596
3508,6.965132351,51.18094808,7.487703083,18.71690645,3.559868193,0.155997127,48.70454111,0.316784499,10.87,12.70688712,99.00732224,97.19308252,1.194718088,19.81953812,8.805591157,1036823
3509,7.434878078,50.86229129,7.288752848,16.00767705,3.458619727,0.0732369,47.79775459,0.40441,11,12.31755959,99.67328363,96.8345701,3.379726202,30.87049322,4.205279896,2430185
3510,7.110217317,50.24581424,8.412309419,17.8503971,3.246511364,0,40.09329221,0.352586923,8.64,10.01371484,99.71313525,97.27448118,3.056719053,19.41388085,11.41284433,1604897
3511,6.661006775,51.28630154,8.491009496,14.85302994,3.153223323,0,50.83546199,0.490772236,14.54,18.09486874,99.13406938,98.4171823,1.519587112,53.73327366,8.784125016,768912
3512,6.63881749,51.23020259,7.198168643,17.47103081,3.024625493,0,46.7394971,0.569432055,13.05,16.09255705,97.47300013,89.82844508,1.478782779,46.88511236,12.59829833,676703
3513,7.597840533,51.21407139,6.71915924,13.04621058,3.67947033,0.176088912,49.47350087,0.647310972,20.52,15.36671618,99.52660155,91.32857808,0.669265467,34.10319065,9.141630354,1155214
3514,7.477264841,50.46250415,5.170797646,15.88758508,3.582815337,0.061712385,43.43119936,0.752379354,10.34,8.451176384,99.03138388,94.08366053,1.400155623,23.1978195,12.31899936,1605307
3515,7.426856093,49.76419724,3.645553443,12.54797164,3.695596038,0,22.09424985,1.540961488,6.23,2.363718706,98.91374703,96.24517311,16.20562358,4.496380572,25.57145503,2183682
3516,7.656944532,50.05764742,5.998886243,16.44610123,3.594082077,0,29.25766663,0.881985557,10.19,5.245288084,99.04872967,98.76701739,5.807859118,13.2329433,4.992858921,1099504
3517,7.77523993,50.25401109,6.912105532,17.49126783,3.586612492,0,33.75814535,0.44506359,10.48,5.286414592,99.24154076,92.47099545,2.488846609,12.35139557,8.732739823,1253078
3518,7.356314819,50.29076758,8.466613736,17.51215519,3.501749344,0,40.01395845,0.350988943,11.98,7.28944777,99.28555914,98.49827071,1.719937846,8.486742076,4.040032748,1048799
3519,6.787182465,50.65092955,10.0535315,18.73446154,3.260858923,0.151664955,36.87740796,0.285598832,12.28,8.46786673,99.61267842,94.05722952,0.925828158,6.625742726,18.34330034,679888
3520,6.438318673,51.31258195,11.45012539,19.20561414,3.448242563,0,36.60362724,0.125531396,10.48,7.103473845,98.00772548,97.31748,1.714640008,5.160929253,32.58693911,628609
3521,6.542089863,51.09966787,9.490163847,20.24414344,3.227999471,0.098030825,39.58548393,0.077512052,14.91,12.03672422,98.89287409,97.79275039,0.593242097,7.631621943,14.79604142,829899
3522,6.752738793,50.59184307,8.086698534,15.18243812,3.572223771,0,41.39909219,0.271765787,14.34,10.48644452,99.14794199,92.05789971,1.415881902,13.18778899,11.27101767,1243906
3523,6.913901017,50.61088766,7.111866302,16.41055729,3.608270625,0.488936075,42.82610875,0.447960643,16.87,11.32275318,99.50609696,96.90806139,1.385784533,19.19237073,19.17436547,1163614
3524,6.722841809,51.43096836,7.733842915,19.26217975,3.674957094,0,34.24310727,0.025940872,14.42,9.653505092,99.49688452,96.62631229,1.198262133,6.772422963,19.82002876,1188478
3525,8.036441733,50.41213122,4.797766172,17.92897799,3.786898521,0,25.89156593,1.172398576,12.8,5.114858156,99.64684048,95.09832316,11.09925704,3.640055087,28.22616395,1285018
3526,7.955606886,52.26852612,6.740503814,26.24541357,4.187273379,0.059207655,47.83315734,0.82244098,21.32,18.10243909,100,99.10497042,0.801248115,5.65541145,8.473609376,970894
3527,8.065827942,51.37066528,5.103109996,20.47467433,4.149660544,0.08947924,46.2131488,1.135022605,23.56,23.48423003,99.42533479,93.70040092,1.098944058,16.86379609,13.3897429,958082
3528,7.350520482,51.37627681,5.620692419,23.52097378,3.945156072,0,35.90974614,1.038109542,16,15.13476712,99.55637234,98.05821238,0.770848896,11.56594149,8.081997791,863004
3529,6.472578199,52.49304248,7.285724073,20.35361163,3.302309513,0.262625274,42.5763313,0.3963056,19.62,21.28796473,100,96.76656007,0.90069157,17.0403752,8.614047853,1081204
3571,7.548820409,50.14956541,5.866209504,20.10856314,3.637866208,0,23.2213482,0.739598094,8.49,3.913571014,99.05424307,99.76388158,10.70745698,6.108280827,12.47706187,284003
3572,7.755537114,50.41277972,6.879900418,22.00299571,3.609937503,0,25.07573235,0.625163161,8.03,4.091730455,99.10645111,99.24848923,8.499044471,2.512783431,10.60379113,139995
3573,7.012838755,50.68983316,5.383465394,23.04345837,3.279806614,0,22.29849997,0.612181063,4.17,3.235973261,96.926878,99.68048682,24.07100971,2.17978145,51.08283703,861414
3574,7.724187148,50.76115508,5.698022845,13.20981831,3.783642663,0,30.59095069,0.883414062,7.84,8.68943347,99.56731786,99.7023277,6.376368398,11.29690779,28.80752151,233123
3575,8.396729903,50.4239672,4.57468969,15.02666693,3.911870254,0,29.11869636,0.652980843,7.53,5.983312677,99.6252751,94.03215893,9.209508892,16.71590301,44.37020441,197696
3576,8.042910213,50.82404609,5.588087143,16.40667487,3.63671752,0,20.25916958,0.552486188,5.73,4.675744841,98.53736726,86.40123651,12.94329794,2.690557289,7.550734179,127279
3577,6.973017208,51.62931054,7.691914255,23.50445482,3.245909502,0,20.41437255,0.413805444,4.94,3.377032756,96.67595138,94.89033591,16.94674513,1.852022652,61.69965505,176099
3578,7.434174764,50.60266599,4.241488451,19.92059478,3.534168737,0,27.10716554,0.365664839,5.39,3.052322027,98.93026936,99.43547464,30.06235993,3.683875644,85.3175409,2874699
3579,7.691552256,49.77265139,7.089053876,16.68402455,3.787465129,0,30.75599461,0.728358821,4.31,4.034832011,97.25125535,97.42235447,6.431095406,2.66319509,24.15845267,203997
3601,10.62380612,48.93967078,4.638307061,15.67502115,3.994426659,0.158243071,46.3664992,0.489136886,9.74,7.388423286,98.6474696,91.70534278,2.13047589,38.89594772,8.680146632,1205203
3602,10.05360169,48.76905862,4.072344003,12.38811239,3.84715973,0.252195869,51.05657805,0.692342149,8.64,6.51277232,99.47347007,89.96661322,0.563028026,32.95449106,5.601560443,1288103
3603,10.14085061,48.86282314,2.565077705,13.54922956,4.129502916,0,31.42333115,3.037967324,5.39,5.026976201,99.40245495,98.92400104,9.190679319,9.010417573,10.55419169,3584770
3604,9.80661696,49.29728577,3.49174439,15.50137375,4.368131997,0,36.89863644,0.653226894,4.63,6.510047255,99.48154961,99.53398047,1.610711126,26.28543477,5.843551004,1493591
3671,9.690683382,48.97304815,2.056957862,11.05096697,3.678194293,0,18.72567386,2.184284525,4.95,3.718108074,98.08973229,96.62034877,29.99809889,3.318297299,19.12911979,2139891
3672,10.20069851,48.95518229,2.407012523,9.323164004,4.062656497,0,23.56859856,1.352387126,3.52,4.607467247,95.03717561,98.52736605,17.60349211,6.252218545,11.41747014,425103
3673,10.45367091,48.73930082,2.332764317,12.91509834,4.263190011,0.180491502,30.8865425,1.748278651,5.57,7.523690303,99.70453348,99.5869892,11.9214316,15.91922202,1.42530478,666600
3674,9.068193432,49.61881922,2.772858899,13.11530032,3.829501565,0,12.85378315,3.339091254,1.76,2.684230458,97.2757606,98.66650711,10.54991623,0.538043147,10.59356038,1644899
5101,7.376672957,50.46737143,6.605856168,11.38854736,3.590577341,0,35.92995552,0.775219582,5.38,7.714816097,98.99809035,96.32197138,3.701572187,6.768775996,37.21976613,274937
5102,6.052403908,50.30507258,9.618358398,9.597743568,3.869561015,0,30.63592433,0.512306493,4.92,6.557852528,99.44819345,98.7505272,8.600449881,4.724623928,62.16171095,441034
5103,7.779725469,48.91325066,5.465461806,9.131789555,3.842880386,0,17.96649222,1.936483346,2.06,4.2031043,93.47986624,99.75624546,33.00412462,1.403689939,37.8239804,643474
5104,7.152402695,49.50740973,7.190584904,4.076355888,4.483385194,0,25.89458824,0.856131421,4.46,7.828035109,96.4639485,99.02370742,6.235790262,2.900346829,58.67563013,503900
5105,7.163860685,50.55113133,9.650583302,11.79162341,3.75359617,0.165243735,28.42356406,0.413553082,6.29,14.85457906,97.75438002,97.37516683,3.552740292,8.007965595,73.97199331,177384
5106,7.557040352,49.43749249,8.64246409,6.47006969,3.738951815,0.176305241,41.09149366,0.664788511,5.23,13.09038588,98.68602698,91.86667332,2.471599887,14.80964024,32.92250886,225094
5107,7.843441607,49.97853604,8.749778691,10.35278541,3.790985905,0.676700716,38.9300962,0.543921277,6.55,17.64623834,98.16941423,92.15633993,0,27.79805632,35.39163135,412822
5108,7.798495457,50.18492699,7.492530911,11.88250928,3.584081973,0.409647023,37.55451575,0.683038179,5.74,10.44600276,99.60572847,89.53752718,5.47806796,10.43282008,52.66874602,653604
5171,8.413917997,48.95419421,2.690941698,12.53994068,3.259789944,0,16.67346317,2.272962297,2.27,3.019264549,94.14895903,98.96906478,56.41773295,0.875471049,27.23775272,914279
5201,9.84113204,51.13074683,4.513919343,19.85545103,3.500275777,0.181596803,37.29815419,1.493633368,16.46,16.28386667,98.01336219,97.67358365,0.55155476,25.75136328,24.58061025,675222
5202,10.1962161,52.70428453,4.651207869,27.57545834,3.263338968,0.256184087,37.71826646,0.907493107,15.31,19.12607098,99.38326053,99.13480765,0.651881319,28.14370205,24.65552201,930797
5203,10.37188277,53.44182525,4.708279418,31.66485341,3.328286273,0.111895917,38.7478842,0.811843725,18.28,16.05521274,99.52535838,98.71474715,0.479996843,22.7554581,20.02063169,1183204
5204,9.985956935,48.98243502,4.996656413,12.56596741,3.699287552,2.552938848,36.277036,0.926812933,15.31,9.687212899,99.49370011,84.04825516,3.429480836,28.7139653,18.79658948,449680
5205,11.38611027,49.53951727,4.06664322,13.98222518,3.873801942,1.099440774,27.06551696,1.448012547,13.43,12.83435787,99.67840565,94.18120178,1.023398761,27.58265608,22.95201432,245387
5206,10.76965589,50.20724564,5.313862012,14.50639557,3.78812558,1.761258654,31.63333838,1.082464792,15.1,13.09777407,99.40128308,89.32301373,1.082448475,27.6646868,5.909454969,478967
5207,11.61479364,49.29712346,4.203680543,13.05724856,3.724083784,0.22622628,32.17421971,2.739324948,15.96,8.68095704,96.93663003,83.72235382,7.806137386,1.426556304,32.85870173,140890
5208,10.17461648,50.88280646,4.606429924,16.16181293,3.5057141,0.230511996,38.3603176,0.990785195,32.06,19.05962286,99.79221454,90.3964157,0.754845622,23.35151456,29.66137463,216515
5271,9.046838669,50.53346661,3.880342174,22.14616343,3.651313059,0.219299963,24.26461865,1.97658292,9.55,9.592707891,98.25891494,94.25825704,14.71189467,8.360811097,63.34871044,468509
5272,9.490863828,50.85138009,4.436361,16.22902734,3.883515194,0.213539833,17.17397196,2.189817788,9.27,9.727016003,95.78552153,71.39504869,6.098791505,12.02862842,4.67675701,166407
5301,12.30152711,48.21384381,3.65453544,15.81315888,5.219759157,42.41426726,28.61113514,1.53323509,29.28,19.12269363,99.9791658,99.17079878,3.054293929,50.90212092,0,125776
5302,12.73219446,48.7830629,4.393436637,14.57262785,4.742296761,18.32966288,40.32162117,1.276120865,31.03,11.62298855,99.65177782,98.57323018,3.469045871,34.13895006,21.86082406,252704
5303,10.92467568,48.77022346,4.578414725,14.00591187,4.571451637,22.67748025,36.99995054,4.474427925,22.91,11.05458361,97.2937056,88.25947638,1.64563565,8.52749764,3.20184808,372777
5304,12.33069466,50.87469031,4.850182578,17.72867188,4.18270281,43.07146532,42.54090122,0.076343816,29.44,16.73075219,98.24518645,97.95632825,0.437800706,5.956797646,10.86738701,463980
5305,11.66911546,50.4857448,4.949378166,15.41936958,4.379199409,26.71624211,39.7729225,1.044976889,23.52,10.31522401,99.60269325,97.72867113,5.175535749,11.72406519,2.898932897,249711
5306,11.28349987,50.01363025,3.635047612,17.41952066,4.557004862,13.14656557,34.88423691,1.639877863,15.95,13.44547164,99.52879693,91.22919746,6.050675748,17.80290861,4.195849129,213596
5307,12.14057508,51.47621611,4.812578082,18.25727111,4.734662864,17.60029926,37.35738588,0.728749013,21.67,7.174933258,98.02674647,35.97680726,1.435518564,15.35584027,7.33657533,202890
5308,11.32174713,52.89545391,6.969252011,24.01555664,4.159182061,19.88028683,41.15813577,2.213604956,26.48,5.145441514,97.05274672,88.76093826,3.099173554,9.027102577,17.22775887,137714
5309,10.37127953,52.18475909,7.011552424,24.49424214,4.594258618,2.363559803,38.96583161,0.84254046,10.75,8.436445444,95.99238388,79.87770272,0.173925779,10.97380129,11.1184343,251611
5310,10.18218425,52.60874093,5.731561458,20.48000944,4.671497228,24.8791131,44.96598613,0.624863492,14.2,12.7338271,95.34880292,57.49941031,6.734284703,15.14034674,27.26736643,317292
5311,10.08474795,52.58126125,5.410547311,28.59458697,4.788324641,5.235057795,38.90261452,0.459219145,23.95,6.468801925,99.79912602,96.31202425,5.423597406,15.03911756,28.72497886,272084
5312,11.36672374,51.18563964,5.768659687,17.8289414,4.788339939,14.10159441,39.83191767,1.636592913,12.77,4.106815703,99.70350649,94.85069434,3.857441079,6.177956615,29.63119838,159081
5313,11.94067631,51.10400859,3.381255032,14.88827732,4.675612086,15.78376991,40.57115734,1.576146929,21.91,8.503409606,99.44815982,89.43803562,4.036846383,19.10764448,34.93134081,329198
5314,12.37455021,49.14216694,5.583977841,15.3610634,3.936250716,10.07641949,35.47013668,3.904963462,28.81,10.46166726,98.15796679,98.56122271,3.728872626,31.27473676,15.17934931,159614
5315,11.85615248,50.45472776,3.457917152,10.98076517,4.61151624,23.05537941,43.1186629,2.266795647,18.86,8.531189738,99.60015501,96.60924399,3.679630804,25.67638977,13.5894455,263207
5316,14.29789048,48.37133319,4.757440159,13.86146077,5.306022462,37.45383282,38.96802845,1.619748702,36.01,18.46842367,99.46483757,92.92982588,1.032637371,33.88859576,0,70719
5317,13.11352827,48.7117155,3.157515523,15.14140479,5.770136426,51.16075952,34.25442929,1.956485962,30.13,23.07617262,98.79993711,94.10274774,0.015721348,39.20205426,0,331894
5318,10.017629,51.45913372,6.386475534,12.60616575,5.145794933,13.30731143,39.49133594,1.0696726,13.48,7.341784008,97.80620911,91.56456684,1.601069789,18.21171708,12.60255159,142804
5319,11.99104745,50.61450313,3.570993733,12.83455088,4.604970235,46.69612968,49.24427364,1.337630624,26.8,7.853030334,99.7526426,85.42900018,0.588710608,10.64956053,2.254250425,280118
5320,12.26986434,48.84161381,5.652087738,20.58823529,4.096715987,36.99476723,39.62272259,3.094234266,31.07,12.24003113,99.68422952,99.06171057,0.676651029,14.48484302,0.460122699,91512
5321,11.1367148,52.55534942,5.419725298,18.07114045,4.572521697,23.82349346,39.72118375,0.102598435,16.52,16.2055003,96.3403007,88.7984354,0.67473414,29.3704926,0.914313654,186312
5371,8.36448131,48.8263735,1.617744228,19.00629811,4.100159952,0.627811657,16.93903691,3.248253827,9.81,2.896499243,97.12386284,97.08687394,30.75377387,3.173048086,43.71588523,412708
6101,11.12567004,50.79837772,5.529179311,18.94341788,4.101059994,0.656777525,42.46740072,0.591980892,8.59,9.224687954,99.87205633,97.25890372,1.352325861,7.799136186,2.106805828,529684
6102,10.04577347,48.11458816,3.303739116,7.774071828,4.14382454,8.690452126,45.38152202,1.757006918,7.51,11.48127728,100,91.82332727,0.886058891,21.74718685,6.116501583,247084
6103,9.609691546,48.06455574,3.053710045,7.012914705,4.43608613,27.95845992,37.21042503,1.346415917,12.23,10.71433962,100,92.11924618,0.165821421,43.12809402,2.706399254,367790
6104,9.955376735,49.38036188,4.546213625,15.56101689,4.190765275,0.735653136,37.20848944,1.373073652,5.94,11.45241638,99.18459686,93.87715244,0.958627649,15.54799648,5.462061782,258216
6105,9.78310685,48.33136344,3.686591482,9.479107908,3.839388097,12.54620002,42.83766846,1.501630641,4.52,9.897986714,100,92.6930298,1.23929717,27.60046137,10.68978001,457701
6106,10.13961949,48.22019153,3.402476485,7.57381677,4.018642865,6.644529115,41.59769426,2.001568315,11.02,8.377578455,98.9899402,89.97201531,3.758760515,23.62055039,4.519976829,495087
6107,9.760381815,48.5760677,3.063127337,7.613774346,3.948516198,25.01044247,41.63713426,1.416224567,10.2,12.25716046,99.25494196,96.65258148,0.585749672,26.14988586,5.863325076,407901
6108,9.146206853,49.1067064,3.940977971,11.69371686,4.076297606,5.018479833,41.08339753,1.666461421,9.45,9.749768947,99.00369597,94.41105576,3.154427125,30.31978146,21.30805078,254712
6109,9.544071407,48.48564763,3.775737904,9.149358105,4.116063041,14.59764116,44.1041421,1.160538084,6.46,8.457005736,99.05437846,89.87997078,2.298298716,26.36259263,10.29746373,197683
6110,7.818276555,49.00776617,3.123340694,7.329980483,3.781620628,20.23344843,41.44898874,1.642456713,12.54,11.54608096,99.30753641,86.25581744,4.796577091,29.60704098,9.876520042,202306
6111,8.339622642,49.21122872,3.224114128,9.010896899,4.139678427,3.463384897,42.56922496,1.70878748,9.89,12.71425559,100,99.3103711,2.30511316,21.65663339,0.529604511,109101
6112,9.924677987,49.32620226,3.888042073,10.45505947,4.374536947,0.747124196,35.72220203,1.636087653,5.26,9.566654462,99.70676545,99.79567167,1.707155391,14.39500877,8.108403198,562917
6171,9.104021721,50.19098451,4.093119755,16.81342781,4.163914756,0,20.43704038,1.610492285,5.31,5.456252235,99.33607524,95.24520554,14.83831832,1.159868548,58.83133245,627021
6172,10.25429265,48.93756999,5.271556551,16.51754179,4.205321403,0.739737854,34.71254381,1.848474774,5.42,9.49449681,99.55654972,86.55913978,5.372419747,6.639981163,21.41707872,215296
6201,9.638550107,47.03556503,2.35565032,7.709913105,3.686133223,1.09027804,34.28252216,3.201771166,4.52,5.998746564,99.21404409,99.52591139,12.05719244,6.374416821,15.59965292,295349
6202,9.793989888,47.13323821,2.391241133,8.126807545,3.784596091,2.836619262,39.55017536,2.428361465,6.24,3.78463207,98.9574891,98.07280514,8.187378964,12.62615491,29.87280002,446094
6203,7.522073774,48.9468587,3.303278642,11.5468572,3.760224889,7.292920043,41.45356749,0.91611795,5.32,4.877346733,99.63583316,93.45032104,1.907084216,11.60648685,23.31093672,353844
6204,9.54115999,48.99186338,3.380573438,12.39203488,3.727275252,3.45766101,31.44316273,0.781816299,4.44,3.765145837,99.29458161,78.97075569,4.910156358,4.368594995,33.36017997,134543
6205,9.441258524,48.0633912,3.054866708,9.529154605,3.811661842,4.566668636,33.91035002,0.569139614,5.21,3.315162977,99.22018078,96.09499616,7.833638566,21.6665682,40.19022863,129287
6206,10.00270343,46.87077589,2.688226548,8.186510055,3.510945008,3.179687963,37.1878998,4.204570979,3.36,5.452087714,98.27371418,93.21943406,8.09752625,14.81876965,4.864448004,59775
6207,8.861068938,46.74738169,3.17413345,7.496713955,3.522730363,4.931333001,37.67938345,2.706755051,3.52,3.870967742,99.80510357,95.11852423,4.786293795,9.187327199,10.72383629,78341
6208,9.050868915,46.26980792,1.88677238,8.311007348,3.597539039,2.085884874,41.78215877,4.371058825,7.46,4.707038332,95.87607165,93.99877526,5.884491733,11.28865585,8.488977342,189975
6209,7.992055924,47.64198213,3.345257545,10.50237847,3.820652048,3.10244808,33.85449597,1.489088355,5.78,4.291975814,99.48253858,99.02540898,5.248868778,18.44529528,10.49309665,165306
6210,8.224211545,47.96041458,4.333126994,10.51233621,3.718746311,0.782080038,37.7394442,0.552829681,5.19,4.148975727,98.76637941,97.57702751,2.49675363,15.18120647,9.364301735,126181
6211,10.8612595,46.98152633,3.326659614,6.92550987,4.158177918,18.83157015,28.8384391,2.181399186,5.83,3.648632744,100,93.33624168,5.485876322,4.558839568,13.39295452,115054
6212,9.614450973,48.56946746,3.654596287,13.35619641,3.724583009,1.247077163,29.04760523,2.715267569,7.17,3.399703649,99.45128605,89.16913484,1.434138737,7.19563523,12.82307093,120254
6213,10.04086957,47.97304348,2.555652174,10.09562793,4.058011927,13.8854582,41.47981835,2.184535786,5.88,5.98532667,99.90472494,87.20138325,5.840008469,35.97868662,25.17731748,115604
6271,8.37974332,48.99615565,1.995629422,14.77494584,3.659276296,0,21.52456968,3.071124276,3.62,2.543106371,99.20970287,93.02104785,29.01232917,1.761118986,9.45548394,275667
6301,10.45036497,48.72853493,3.937653322,11.7983368,3.532616997,0.151682295,39.8511531,1.551266689,4.6,6.05692788,99.39963511,95.47498833,5.274937418,6.548856549,3.986168272,334328
6302,11.0168053,48.26308897,2.978514441,8.503881035,3.782386865,3.526754492,40.74754835,1.714645856,4.38,5.914454679,98.91078779,100,8.3857875,14.77201069,31.16293468,331326
6303,9.571951637,49.18806908,3.502708778,16.02869739,3.65420033,0.979253432,40.84753232,1.652992278,2.96,4.694934147,99.67401,80.15567948,7.527288828,10.2141395,28.83150552,571573
6304,9.718645778,49.8139157,4.037832773,11.6851098,3.500235078,1.386388395,43.90108513,1.300992775,5.13,6.451648021,99.65139614,99.01496474,2.695946333,15.46585632,26.95258299,306195
6305,8.71850546,49.54854244,3.958315418,19.2359534,3.43551395,1.279565723,42.5254785,1.025563125,3.77,4.321663664,99.83197622,92.32999132,4.030724349,12.12171569,32.7572518,186672
6306,8.919622912,50.01725015,5.032732165,18.7375826,3.412588853,1.586483981,44.5778103,1.153211536,5.8,3.97397715,99.57320932,100,4.637301506,26.7067948,31.72526454,232587
6307,8.665035755,49.85698156,5.369589763,20.11727502,3.401743762,0.133150678,40.27604972,1.165015519,6.09,4.365885519,100,90.42083296,2.129130552,17.73080518,23.90694816,266501
6308,9.395118316,50.78112138,4.38606372,19.19027163,3.727625077,0.384354511,42.73280421,1.455850289,6.65,5.824439599,98.89376958,90.02939182,6.185200736,6.056005943,44.23629728,231594
6309,10.06425983,49.20426666,3.395372642,15.37606738,3.599660779,0,30.44542872,1.561000576,6.09,5.042658224,99.93420283,92.81348696,6.395484852,5.746286115,33.46005381,247106
6310,11.41862423,48.06375259,2.980850171,8.509099004,3.794791029,0,36.55267198,2.831979749,4.99,6.553050872,100,98.60537593,14.8110635,6.490066225,29.02665702,343193
6311,9.453457237,49.65112616,3.287919357,16.3316446,3.458626137,2.228032903,43.20939512,1.513488548,5.68,7.16236432,100,97.81282345,4.077463638,8.882170289,51.05681756,127503
6371,8.94946254,49.93368623,2.917516101,17.55838391,3.53170143,0.342096247,24.41456945,1.346560133,4.19,3.979670698,98.92922341,100,20.64236369,4.416569935,99.51779258,692793
6372,8.413935124,48.68294107,2.974226344,12.10630823,3.76792424,0,18.90527213,3.00227199,4.68,3.570132342,98.48632962,99.16908508,18.05101573,2.300290209,25.91721399,248423
6401,9.882315837,46.91670426,2.929818578,7.725908114,3.879729095,1.49822859,33.95301564,2.133034691,9.28,5.592678202,99.07659036,97.48018724,9.871519429,3.30663176,33.47751234,274206
6402,9.298777373,47.18114634,3.607260838,9.433460627,3.548484556,6.530671436,32.21344032,0.373499656,8.72,5.780134121,98.4966404,94.64156233,7.205007976,13.09276357,22.42712815,146998
6403,9.975590999,47.50152138,3.113919818,9.958872697,3.977989178,0.4064846,28.98301622,2.146856261,7.57,4.323641712,98.65019446,97.39190117,9.528977989,4.54475321,57.30315558,752091
6404,9.840436358,45.82570114,1.770377219,6.594682716,3.840436817,1.850218297,27.18326888,4.417985916,9.29,4.710522327,97.78353451,99.10671416,17.25158279,6.301014996,46.31910403,347468
6405,10.70662737,46.18536194,2.728782473,7.399720765,4.135353383,2.150862232,25.29997613,2.635662912,5.41,4.638888179,98.94720954,96.58314781,24.42360666,6.109203426,48.31515792,220601
6409,9.898609539,47.81253578,3.560751587,10.18534304,3.828977812,0.343408266,30.64460323,1.027585881,7.63,5.871431395,99.13782606,98.03210015,8.451253075,4.612874157,14.6983609,157711
6411,8.584481615,48.02888512,4.774887628,12.61230717,4.601118834,6.136633328,33.62797348,0.554509891,11.29,7.468160567,99.30496694,77.55551788,4.221054416,17.95219529,0,26305
6471,8.854813634,48.35336548,2.763094552,13.83190177,3.781732554,0,21.01979256,1.405508072,2.82,3.223058061,94.76401664,93.93671695,22.92324497,0.790888959,80.42534904,636012
6472,9.878095883,48.26084572,2.14673317,11.17098514,3.954778608,0,21.01315247,1.64469311,4.77,3.122251132,97.63143999,94.01778306,27.57175454,2.036188429,81.75067889,907249
6474,9.166460374,47.66535818,1.010833304,8.059824557,3.885893589,0.093905316,14.01043702,2.138543357,5.16,4.377392771,93.64879412,97.16680791,26.37823229,0.925310918,90.64840475,170611
6501,10.74915034,46.27955745,3.196181937,8.95994196,4.299839353,5.337617246,26.75965255,3.934805943,8.06,8.609817028,98.56454371,91.37171581,8.851116754,7.436389076,58.44949992,83788
6502,10.34896733,46.72115962,3.503753492,10.38796916,4.263269304,1.146846961,25.9024733,2.375701641,9.93,7.277476524,96.06343991,80.86376848,8.072159737,7.342348035,39.79211424,135770
6503,9.73759987,45.33398224,2.660502089,8.043780403,4.283703961,0.886031967,32.99444555,7.189542484,6.63,8.042774982,99.65253648,97.82835302,9.972202919,12.16122307,16.40027797,25084
6504,10.00475521,46.78866483,2.608050416,10.24398876,4.233171854,5.014710111,31.91422487,4.38891727,6.22,10.59962955,96.82350079,94.56278895,15.28524344,13.66381313,28.9932975,193390
6571,11.03261303,47.66406188,2.495016346,11.83404369,4.175879062,0.253063399,20.06253084,3.496178267,6.32,4.868069622,97.59922749,87.35182472,25.7941529,2.434070325,43.68173948,189223
7101,10.43995824,47.59605671,5.31721444,9.00914481,3.978963588,0,44.01515225,1.330433507,8.02,2.290309542,99.28817874,93.4026731,0.44384149,30.26831474,5.394767695,240505
7102,7.331984109,48.65422382,8.147215351,15.13023151,3.576407133,0.573683477,29.21023081,0.845591603,7.9,1.596396944,97.00612286,93.48467139,5.021606957,6.759814277,20.30410586,335321
7103,7.153646213,49.43913267,7.191983009,14.02140185,3.782240524,6.48435461,37.88340354,0.348759365,11.8,3.75909425,95.98062814,75.66917032,0.959893281,21.96734623,28.89249775,130493
7104,8.794403059,48.94560004,7.123278587,10.67188462,3.978453962,2.453610061,30.94802526,0.981578474,9.77,3.160407654,98.97986105,96.49547093,2.057866503,10.48280714,21.58561252,90678
7105,8.050166304,48.29858412,7.245922057,13.37072522,3.531504654,0,33.45073632,0.636730901,9.78,2.28481428,98.65491493,94.81571141,1.082546285,8.709809404,7.238569334,208013
7106,8.666583385,49.07832605,5.742410993,12.75955109,3.912818207,0.445782661,24.53640555,0.640291613,7.46,2.140813323,98.36350839,94.98885543,4.547765221,10.679232,19.24881711,200985
7107,10.29229293,48.86344739,4.373520947,11.11343768,4.092289169,1.429094907,36.34130195,1.566078478,8.89,3.684638309,96.07391509,77.12924672,1.141182013,40.98832644,1.371512328,78437
7108,7.137008734,50.65047307,8.527413877,15.54472985,3.651018601,3.061337467,31.68195616,0.212805021,10.33,2.503061474,96.00863596,89.42648361,0.813773251,9.52170062,6.039636847,65976
7109,10.08987667,50.02893414,5.93782777,11.72181521,3.840005555,0,35.01903488,0.409027739,14.08,2.607681245,98.18061873,77.61536058,2.746432416,11.37807715,8.013610639,105714
7110,10.0791565,47.6565922,2.836180464,6.263646288,4.361626638,0.293395197,42.40619634,1.507976072,14.16,3.900419269,94.20032751,79.10753275,0.846069869,61.15584061,12.89574236,64171
7111,8.616747845,47.94876528,4.772724045,8.060093682,4.022677939,0.217068434,44.09220509,1.743242314,6.2,3.285006138,99.8114932,86.1190449,2.222095282,33.18862104,18.84496744,70610
7171,7.95019984,49.72643044,4.172723306,18.11852444,3.725340727,0,17.72115489,0.167540328,5.46,2.221692745,93.58615534,77.47027328,21.59707253,2.626729713,27.85967596,430133
7172,9.195016589,49.1223261,3.757881105,15.83037608,4.194643247,0,22.81324449,1.864074917,6.62,2.428601914,96.46319462,91.60008723,10.65799647,4.882932535,42.64586348,212409
7173,7.250067785,49.61653174,7.10771972,15.74641349,3.929677689,0,22.74608177,2.155673826,6.47,2.551654295,95.03786293,76.44507021,8.059667415,1.990182275,19.1445641,103711
7174,8.651257097,49.28548256,3.99594485,14.7436979,4.160901697,0,30.71773656,2.427193557,5.9,2.095300667,98.60290892,98.99098977,7.336415483,19.96085445,37.66071609,123872
7201,8.792207569,49.54469844,4.970589748,13.05246423,3.708298887,12.6963434,38.95440766,0.764506292,15.92,7.344037905,99.51351351,95.3481717,2.705882353,32.55007949,27.54848967,116811
7202,8.335072725,49.1027486,4.648844312,14.94834006,3.819289873,2.176535375,38.50125518,1.510603986,9.2,6.465066529,99.70944564,98.28919075,6.906172969,22.73561651,25.22892956,365616
7203,9.616076476,48.90699149,4.191293622,11.30503091,3.98722634,2.691348748,30.68374365,1.769957401,14.55,5.653171083,98.70555688,98.26155265,3.968714779,11.45872468,5.047986612,117330
7204,8.150657714,48.20997694,5.044182169,11.25093824,3.898350288,1.25045914,33.02183883,2.349769577,17.16,3.796491635,100,97.32341058,4.2704058,15.52294105,27.37435521,245993
7205,10.4888174,49.15871882,3.789602953,10.66459525,4.119858117,8.424989001,42.20393791,0.015051083,18.17,6.382185504,99.32220634,95.58815442,0.452320722,42.95809503,10.65772107,299174
7206,10.07709538,48.98899134,4.285391815,12.84240361,3.981196965,6.593159705,38.26495087,1.146150905,13.3,7.214578808,99.32599416,89.88645594,4.370668648,37.65273145,40.63218291,230996
7207,11.31008543,48.94402151,3.407695589,7.454006276,4.455071546,6.342671235,34.56644747,2.12273215,16.65,6.813760138,98.14873463,80.09673797,3.201566234,26.1739556,9.296634325,155593
7208,10.56519069,48.71291532,4.243059526,9.065711671,4.155198508,8.04853583,45.86266261,2.040090775,17.55,8.03598066,100,88.69579755,1.157961425,45.17105448,5.947310995,474339
7209,10.63996702,48.96419216,4.365949978,12.14027536,4.150153133,9.372844411,41.73521771,1.074200633,18.15,5.581429953,100,94.43478741,2.309411473,42.02742599,26.39682146,150820
7210,8.229082291,48.51219941,4.303328748,11.47757479,3.950544334,5.622809542,35.36458708,0.789889415,12.66,9.005277168,99.39386757,77.82706601,1.842100808,38.2557608,4.402079136,234588
7211,10.53933834,49.58993606,4.22852377,14.35908644,3.930717954,1.518959677,38.08378665,3.013548348,16.17,7.170825694,100,94.66724948,3.518741121,33.07835209,40.00109278,72298
7212,9.429921363,47.5861167,4.970817598,9.15547025,3.913435701,6.07165707,34.73799752,2.320936088,15.73,5.190526905,99.22264875,81.99296225,0.60140755,20.47984645,7.197696737,122985
7271,7.830030844,49.71389001,2.777843854,19.12167377,3.99994714,0.163866834,18.29937292,1.753840378,6.74,3.551498885,97.04828257,91.38589054,26.14786074,4.292253856,16.31267906,379782
7301,9.203522475,51.8373871,7.516926278,19.47278681,3.589650599,2.021705594,42.06701655,1.014356671,13.28,14.54906292,99.77265961,98.92013316,2.446615605,38.2013045,16.17905762,133003
7302,8.961847104,52.75131115,6.620203183,21.04830191,3.880352986,0.509474353,39.8836016,0.673012519,7.97,10.88165168,99.79060137,98.69873706,1.003056846,10.56995691,12.85184112,415713
7303,8.841525927,51.75848486,4.897210381,16.67052558,3.900945084,0.812477636,39.25693581,0.58125733,9.66,16.98255043,99.15805426,96.16072744,2.134332442,17.76715991,39.12311352,185581
7304,9.325121274,51.71454097,5.990943728,17.71781497,4.155734956,0,39.9831632,0.62078016,15.4,18.34513494,99.80569274,91.17752513,0.550537236,29.95570257,14.69448653,359787
7305,9.434091415,51.90786659,6.180330955,14.35803103,4.166452772,0.144022359,35.91957478,0.966024118,9.24,16.61930315,98.88347023,95.81051791,1.303331052,17.08162218,23.35728953,292983
7306,9.746950303,50.80443817,5.053477084,14.99971292,4.277384165,0.402480335,31.39615059,1.789503597,8.42,12.74774011,99.85244302,98.44634552,2.116323133,8.953895619,7.290004019,748200
7307,9.533359076,51.59539795,7.013938194,15.60328938,4.268555934,1.956614207,38.05412128,0.66353386,9.24,13.28893744,98.61938182,81.4635616,1.743938749,11.4401673,19.56791436,241208
7308,10.17315641,51.08490511,4.974411523,16.84436275,4.233676471,0.488970588,30.81314361,1.058749046,11.14,14.22260032,99.10661765,84.56617647,5.307598039,14.52696078,22,346383
7309,9.513937441,51.52810287,5.080706447,20.05311569,4.261821479,0.592045602,39.88944444,0.983730609,16.22,12.62228224,98.58401347,88.1966576,2.068920845,22.59748672,16.00336831,329791
7310,8.999982615,51.93924679,7.242404399,23.91884799,3.938177503,1.985440106,34.43009867,0.438580916,9.71,10.8994116,98.49836829,91.24124238,3.808850042,15.16237249,15.9223168,172767
7311,8.828478326,52.2044863,7.025316793,22.07390731,4.118251702,3.624533275,44.91863253,0.61844075,10.28,12.74786085,99.85943334,95.99989018,1.800461234,18.67175489,13.79200527,751026
7312,7.309372088,52.97086761,9.846367173,24.02269648,3.835518293,3.047086721,39.56234134,0.010851406,8.29,9.109706189,99.55115176,92.05623306,1.495596206,7.608401084,11.48373984,226466
7313,8.216544397,52.09891222,6.727548697,21.14123549,4.006486596,0.880758121,48.25232265,0.291838458,7.38,13.62466237,99.52161354,89.29508944,2.985861248,9.221101708,21.92165408,395583
7314,9.058132922,51.05520799,6.760846604,18.57047154,4.038554612,0.449803809,38.18299894,1.15662901,5.32,10.72980066,99.29863418,96.63945969,2.352925092,11.98884377,10.85408036,296125
7315,9.765964605,51.49236256,6.253145818,21.65389766,4.077942177,0.3358725,37.87808644,0.717079925,8.46,13.37242947,99.776085,92.10589862,1.920839462,15.81125283,4.460738041,372230
7316,9.914056494,49.7890836,6.922296032,22.21263934,4.375342289,0,25.90870693,0.879943716,13.16,11.42467972,99.40705923,95.91841135,2.434291382,13.04900925,17.01847819,203320
7317,10.80038817,50.81585868,5.316231383,20.96739447,4.505151243,6.761877004,29.19977733,0.847301919,14.01,10.36995692,99.76683183,89.74186763,2.061764221,29.50464436,7.636257651,356305
7318,10.77238498,49.40461,6.594490318,19.44524593,4.447131014,7.67691923,26.65778018,0.558857348,12.62,13.92907004,98.06297728,99.67299517,3.673995422,11.53172909,6.688210514,231519
7322,10.29434733,49.81159948,5.215342765,14.29296098,4.102521659,2.141207566,39.6091844,0.873595853,14.33,10.11473156,99.61954853,96.24354234,2.414865641,19.75277329,7.264620683,308001
7325,10.36212069,48.59974646,3.429826675,9.307057319,4.16144925,5.114230903,32.16498145,2.177456513,7.66,9.118712744,99.65701663,94.60963841,5.519707011,18.05022672,16.42250901,287874
7326,11.12850603,49.71846551,7.106772615,20.22625357,4.648104362,0.650224215,25.22186105,0.589784081,14.41,14.90928111,99.87770077,92.33387689,3.636363636,6.163880962,20.15083571,228414
7371,9.2453696,50.50816987,3.378455323,19.9916085,4.264869774,0.114664728,21.63184683,1.444015761,4.59,3.878471539,97.39058715,98.89042478,23.77755618,2.551936799,64.55940294,1489011
7372,10.16809213,50.87221611,4.653230587,22.07995492,4.436277119,0.328710516,21.31406806,1.153038456,5.7,5.930918546,98.55680431,95.97094825,12.36577654,8.249068654,48.24218139,142097
7373,9.839486448,51.35808225,3.974458842,27.16558189,4.419696932,0,14.43990123,2.327951494,8.78,4.638388578,99.13301334,92.76254618,18.55351444,5.631643756,83.18045887,176907
7401,9.891445155,59.3838182,4.167461664,27.13284792,4.560195998,2.866694143,29.93109806,1.081285729,13.46,10.22946362,99.73897513,96.86770161,1.886706049,24.58213125,17.9145487,270592
7402,12.08842163,51.53842622,4.399963272,26.37436762,4.321396687,0.378930662,28.8030309,1.54985279,14.85,10.99488743,99.74208908,98.74218827,1.160599147,28.70945343,17.29788711,298329
7403,11.50538343,48.78615383,3.370925357,11.05659716,4.254108989,1.519186963,25.03318915,2.407156415,15.65,7.735200071,100,99.04678465,3.534256177,16.74259681,6.369370948,244324
7404,11.18046793,48.72365073,3.557539149,9.333634515,4.367833747,3.352157217,29.97685758,1.873986169,13.78,7.893679583,99.46916648,94.89948046,3.855884346,16.92794217,10.93742941,194280
7405,10.36607514,49.07705211,3.634334322,9.862676723,4.093125726,1.650312221,33.74469788,1.343907138,11.14,11.35749073,99.60803395,91.77006461,0.293298732,16.13413348,0,304214
7406,11.14524947,49.54286502,4.248024442,13.04368827,4.205279301,4.235998744,41.32306556,3.170463823,12.36,10.06844578,99.85026686,97.73951264,2.591349289,30.6155964,16.36196778,175497
7407,11.07778173,52.28161124,6.580405109,23.66263663,3.961493872,1.237992713,34.11935842,0.051871314,16.19,7.622327484,99.86336535,98.46803577,1.565087777,11.92861875,16.18913548,95386
7408,10.30748311,48.41887635,3.219830995,7.902073532,4.185920892,13.47795783,39.11712515,1.458235432,16.24,9.840579822,98.56246733,88.00023233,3.929255968,26.2937794,44.63901957,144681
7409,10.69888392,49.64547026,4.075073086,15.26557926,4.315697755,15.17496166,29.21978785,1.600208601,15.58,9.092224493,99.01017705,96.32650216,2.509410289,27.35257215,13.78084483,62088
7410,12.03338015,47.59811617,2.450632075,8.864931676,4.155393806,2.032548239,26.40871525,2.027532183,13.93,7.574249056,99.34079517,88.21671359,1.702945822,24.18457735,0,60884
7411,11.13742663,48.94885455,4.259320481,8.212183375,4.114185694,1.6567071,31.62743223,1.645051886,15.64,7.909101444,100,99.62986086,2.655636818,13.57251159,29.6512665,185394
7412,9.865348456,50.05155577,3.981925153,18.23800131,4.33583169,11.0190664,21.5642768,2.537947078,18.1,6.076511557,99.80276134,100,2.721893491,38.68507561,0,33212
7471,9.223245547,49.51068873,2.032000957,19.44456768,4.079943215,0.235127102,10.76708291,3.576707667,5.01,3.73515804,99.05283705,95.55920323,24.34896411,5.028614525,19.28707688,370728
7472,10.9293133,50.51312347,3.738161663,19.94879278,4.45054098,0.090851527,20.43279357,2.58332739,8.39,7.726979144,99.82105002,100,12.51548606,11.05910855,54.39253366,162780
7501,7.286903543,49.23970211,3.804987249,11.10189514,3.952169105,7.522746695,51.33455605,2.776893896,21.85,6.227749463,98.58492937,89.04891168,0.273965717,57.82184688,19.71547781,158333
7502,9.310599019,50.08172815,4.306752989,12.05789354,4.068324804,4.149688692,46.69023755,0.468230104,20.55,5.864197531,99.56645044,90.00771479,0.856233226,41.83264335,12.23500777,374923
7503,10.26408094,49.4764757,3.272435123,10.09366362,4.108773248,1.575373715,45.57695833,2.327756033,21.27,6.337028599,99.2351252,94.32650761,3.137328574,38.25715896,43.10673358,153991
7504,9.458760748,49.85158848,4.407662503,12.69972525,4.178799114,1.637813759,39.3728223,1.297609863,17.81,4.764489816,99.91197418,93.92355091,1.429752727,42.24705914,14.46290912,157186
7505,10.29492662,49.26534523,4.431884727,6.914893617,3.996666667,3.840425532,48.19307944,1.010376493,19.23,4.589379148,96.10638298,86.63120567,1.939716312,52.40070922,14.91843972,112975
7571,8.178670888,50.85644528,3.847327662,20.24339512,3.826156765,0,27.60779834,2.041608446,5.7,3.845694432,95.54991972,89.18041162,12.64413954,11.82491607,51.82637571,210782
7601,11.36146445,51.13519674,4.415544331,16.85434174,4.719131653,6.168067227,33.98324317,1.580167971,13.94,8.90097233,97.21288515,96.55182073,2.663865546,34.77591036,20.42296919,169072
7602,8.755758232,50.96014967,5.057506972,17.08700951,4.205108457,0.539117719,40.9137764,0.777366049,16.05,13.11119693,99.83914209,97.07433585,2.633195223,28.77406776,14.19254204,432692
7603,9.903920528,49.49275409,4.360972429,15.28254289,3.946342079,5.673562059,32.55878024,1.494442685,13.51,10.39804172,99.42482341,95.43390515,2.84308779,37.63118063,13.55701312,156973
7604,11.79640697,49.03798006,2.621824037,11.37187285,4.431773552,5.249293549,39.76506584,3.027781845,6.88,12.54048447,99.18259176,92.83490589,3.309545476,36.76261634,18.9776011,279393
7605,10.10780194,48.09489007,1.835069127,9.138212224,4.250433612,7.507313159,40.42536092,3.222278492,4.84,10.72536824,97.08509151,93.48675865,1.905304305,30.43050558,0,165230
7606,11.2558279,48.35241123,3.098744882,10.25323892,3.91951393,9.832720077,38.27659203,2.819836657,6.95,11.79362271,99.64132216,86.01774837,2.421075415,25.70112241,1.46563186,127601
8101,10.152589,49.81766377,4.169989338,11.49679516,5.037780988,15.96551413,23.61527338,0.246914692,27.47,6.302604811,98.95729891,97.18786675,6.409677711,21.04811772,23.80608468,111825
8102,12.17385168,50.94366254,5.513771827,20.52084385,5.005955385,16.51357626,23.93651248,0.256154742,23.87,4.613547921,99.17230241,96.2955486,1.135560715,26.06742707,24.51297063,99284
8103,10.81719694,49.53025523,4.529864559,12.93294849,4.578140418,1.587477798,24.64663008,0.276955185,21.2,3.227697048,98.09922045,92.35987764,1.683688573,19.41114071,27.39416815,371479
8104,12.44608109,48.75309036,2.817518357,9.326634521,4.541693361,5.513032336,25.81056931,3.167098983,17.4,6.300401089,95.86269683,95.08041946,2.808780389,27.39656742,9.889739353,135687
8105,13.2676343,48.04456108,2.554764073,10.7584435,4.996788524,42.0061018,34.13538119,1.347879684,27.13,7.35219652,98.5869507,83.00594123,6.053631644,43.6439544,26.95498582,93780
8106,11.7108923,49.09514477,3.969157464,11.08324686,4.912198778,12.6138591,26.18960751,0.291449482,25.49,5.144991592,99.50420846,95.17468004,1.118413467,43.46535224,0,170494
8107,12.24607198,49.08945457,2.663322907,11.99036323,5.15437361,16.00722758,30.90226221,1.432492069,23.59,5.154259024,99.36527057,72.60470719,4.554299481,46.11749444,0,111573
8108,11.04662357,49.67817357,5.755741989,13.52605755,4.82097865,23.87614375,34.69572674,0.059415662,30.18,4.556417947,99.72815276,96.7444636,0,41.77827874,3.308579764,72673
8109,11.1971831,48.7536849,2.384539797,14.4515193,4.92141533,12.99266543,30.36312393,1.66164285,16.83,6.292532689,96.13927622,89.23994519,2.079471266,46.72362376,12.53324736,61330
8171,8.821980377,50.01225874,3.386590753,20.48764794,4.294480083,0.682434145,12.9339183,4.035874439,4.46,2.325957758,96.84032991,83.6518026,16.80835299,7.438532182,37.10199466,444797
8172,12.17186117,50.78303861,3.531047657,16.54557711,5.33270916,5.655007116,17.59857393,2.902696651,24,3.507060498,99.83521834,99.16111153,2.808778369,16.55306719,3.707587447,71732
8201,10.03558279,48.46587849,3.814333772,8.528284172,4.430678351,1.69783272,33.38195564,0.95509851,8.74,5.580473251,96.90556294,84.75862609,1.036695094,31.3121039,19.40380252,114502
8202,10.33141375,48.79485908,2.856489074,8.195038494,4.486056459,11.80496151,27.08323705,3.62076345,14.15,7.547209935,94.5508982,88.81094953,2.343883661,41.63387511,11.06073567,52813
8203,12.52016622,51.25299438,3.1434857,15.51922105,4.697331557,15.55596381,29.87754063,0.465657742,8.59,5.827651727,100,93.4965324,3.706425389,28.86143389,25.73829973,99196
8204,12.19557671,48.76144223,3.115927231,9.948431932,4.985547662,8.686895514,35.18720251,2.346147634,4.1,7.143940543,98.65657438,74.99944669,1.161941438,47.5112321,22.33362105,227280
8205,11.25885617,48.73360093,2.759085154,10.11535278,4.800460377,0.863852679,32.17256735,2.559491474,4.22,5.806032494,94.67204635,90.76143182,3.628698531,31.53838196,28.72439479,187104
8206,10.3902215,47.87971812,2.533134656,6.273363366,4.277628678,3.076775616,30.51092678,2.562436153,15.25,8.874385807,99.65014857,92.35598581,3.512891786,27.06316496,0,90070
8207,10.13141761,48.58993303,3.442638413,13.30016337,4.724045745,7.997920689,36.91694998,2.885043886,7.07,8.719760709,97.34145255,84.70221298,1.804544779,36.27654834,21.05302243,64001
8208,13.11896982,48.93366074,3.248322667,7.876353475,4.516154384,35.05064618,37.2913371,1.128473196,7.17,8.890817644,100,84.04645477,0.349283968,42.80475026,5.274187915,51928
8271,9.827285147,49.04459463,2.28130174,16.65289653,4.247439716,0,14.80702083,2.913810928,2.73,3.383767947,95.8074743,87.76827745,17.77692382,2.236526083,77.82495917,223111
8272,10.3762228,49.47041507,3.572042771,13.84078517,4.311930207,0,24.83096348,1.092408997,5.45,3.657132537,98.87022901,96.45365322,3.777535442,11.27153762,15.23664122,99337
9101,10.37801867,47.47613452,2.260453939,9.082600251,4.326345253,4.678395979,23.87707575,1.103067628,25.96,3.600630552,99.73152062,98.15491831,4.661258997,23.99748658,36.74168856,76102
9102,10.95408235,47.24246498,1.616669025,6.932186769,4.26461492,25.47333484,24.48932121,2.540922053,17.22,6.719901476,98.43856076,98.36312891,13.50984386,27.9173267,13.7361394,56882
9103,14.02832237,46.27175216,1.736932499,7.924073516,4.648840012,16.55619162,27.59038089,2.087114338,36.37,9.001130795,95.11901175,80.91292558,15.20036155,14.97438988,0,31072
9104,11.69413337,45.09755978,1.25352503,6.51607298,4.099913119,6.315578427,27.06979711,1.744416766,34.32,6.698909051,98.99084408,90.54334024,14.02793557,18.8197554,0,61794
9105,10.08662582,46.92644351,2.442425523,6.963795133,4.063358516,6.686616954,17.78669809,2.584570425,24.32,7.680635935,94.46134223,90.26197017,9.303865777,13.32417582,2.578002355,166780
9106,12.55395764,47.88083469,2.057659189,7.730371674,4.916538377,13.23949857,28.716375,2.253113492,19.66,9.087421351,100,99.26325049,10.64438091,42.23663954,14.82296019,45019
9107,10.53760383,47.22548079,3.029872146,8.068159497,4.144225103,9.96857199,26.4535954,4.543405663,32.86,6.98013245,98.79198586,94.01394618,2.563347083,14.91357297,12.68905912,84906
9108,12.78729539,46.85777288,1.605037741,13.56137169,4.073939708,11.09959402,31.98266355,1.530987395,20,7.850144653,96.8299214,85.80806772,17.07696294,33.7393107,0.172756327,47301
9109,13.59272727,48.36363636,1.185454545,10.26886945,4.454162617,7.256235828,27.57724516,0.468645009,35.99,12.4400303,99.15775834,91.67476514,1.490119857,32.9122125,0,13785
9110,7.203655811,50.84992593,1.953448665,18.64904552,4.177365219,6.03104678,29.01290986,0.090719779,34.87,6.366686509,99.97902245,100,1.573316551,57.52045312,3.209565765,39191
9111,9.094884128,48.11543507,1.928290337,13.49621873,4.434748885,10.97537328,22.37463714,2.221591241,34.02,12.91005291,98.04149699,87.14368819,6.534807058,24.56854761,0,22983
9112,13.6337436,49.88641373,1.027362425,11.00970425,3.407231978,72.75878004,28.96825397,2.715096291,39.23,26.26805905,99.65341959,83.32948244,0,52.26432532,0,29731
9171,10.42809266,47.65044369,1.64028413,10.87348204,4.273990126,0.428813376,13.51467964,3.055562472,17.78,2.984308964,95.50106302,72.98295557,26.69273179,4.639472451,27.67287665,239815
9401,9.148393998,48.68791824,3.581877587,11.34509081,3.904694218,5.303149952,37.69867532,1.568960341,10.81,9.66693544,99.57181714,98.76107748,13.02623497,7.838904975,4.352022462,223389
9402,6.407156559,48.55516122,0.300232362,8.961313238,3.394595373,42.07545359,33.77292179,1.381405477,38.62,24.91350875,99.76960737,99.69920963,9.287702794,56.60458865,1.630347829,212811
9403,8.665656405,46.9787845,2.887222843,13.27510047,4.164203394,2.926035405,25.26292298,0.905444499,13.01,7.862725407,97.29648942,97.57879704,5.181175064,14.05559799,23.09940549,125975
9404,9.584169377,46.91690307,2.141423926,9.08283761,4.277427565,7.3633431,25.81881678,1.70154394,25.38,9.158389323,96.37455977,76.77054663,10.40279381,10.15715174,3.326526384,145101
9408,7.381818951,48.60658513,2.329764273,14.98180164,4.300090992,29.59963603,27.43350648,1.960583285,26.82,10.69237711,96.96087352,85.83712466,9.949954504,7.142857143,39.78161965,95007
9409,11.157289,48.59404537,3.784888246,17.17290424,4.335804255,1.355993491,27.63157895,1.999424305,25.44,6.448206268,95.89887302,93.95226903,10.69426867,3.429156873,27.68938709,144697
9410,8.797134884,48.06032321,0.476142713,6.922483228,3.354119254,68.0216105,22.27834914,1.736343454,37.4,47.34468905,99.75064812,100,9.168629158,17.89594506,0,170193
9411,6.628171564,44.82558946,0.437963348,1.364059109,4.223519686,85.08490923,43.76686454,3.352662812,36.01,37.58974896,100,99.67965278,0.919706521,66.02941683,0,123591
9412,10.08624191,44.62600635,0.92787692,4.227800703,3.998452545,1.851215039,26.31171975,2.238906474,14.89,8.433722135,99.02949717,96.85732844,30.22313923,11.93833104,3.131208926,210413
9413,7.555967316,46.13772364,0.926460314,12.00535804,3.674833957,8.377518558,29.46707352,2.433693129,19.9,13.2403437,100,100,5.302226935,34.89981582,8.567282469,66209
9414,9.847522236,49.72681067,1.234646336,12.89636596,4.462927083,73.13453996,47.19871466,1.330496077,25.75,23.63753817,100,100,3.076414158,42.76735504,0,94671
9415,10.76707994,49.09831802,0.397737125,11.35284976,3.875509261,18.70721156,55.41609863,2.647403689,27.16,37.2687856,100,99.74799446,0.155403419,60.25032551,0,92909
9416,5.063467783,48.89622414,1.009580549,6.807071148,4.066237451,97.09951986,42.72211525,1.520272725,39.33,51.6448912,94.9301615,98.12309035,1.745962462,93.76691401,0,187021
9417,9.919735729,48.08212072,0.285293074,14.05694866,3.772102363,65.76901292,26.53774996,1.289007046,30.6,38.73255444,100,100,4.737140209,19.84449822,0.211111683,73473
9418,3.825550765,45.64980648,0.345101617,1.446897776,3.654949843,88.91697819,35.88269862,0.800403923,32.73,45.49933819,100,98.84624694,2.38818815,76.86846139,0,136576
9419,9.102149265,46.50514298,1.567884671,7.247695984,4.325065423,18.10217317,31.84165765,1.87517278,13.75,12.30573322,95.03925361,61.09910115,16.67994084,20.57116851,0,38210
9420,10.6839713,46.6330796,2.944344048,9.360896783,3.987698355,4.447517834,33.0106061,1.424528339,16.69,16.34375639,98.88630077,96.81176299,0.713349833,14.45625273,0.92444315,55018
9426,10.94997611,48.43035556,2.562615164,13.04942966,4.457186312,6.965779468,31.51260504,2.073426672,30.82,14.66452083,100,86.61596958,7.437262357,9.946768061,0,29480
9427,8.881266491,49.24538259,4.036939314,17.29341317,4.538922156,25.82035928,32.12919677,3.030723799,37.4,12.28354665,98.77844311,62.25149701,1.245508982,14.99401198,17.65269461,19104
9428,10.62697339,49.05277402,2.160577357,8.129084967,4.528186275,56.14787582,38.31610789,2.026798784,29.88,29.39840517,100,61.72385621,0,79.12581699,0,22313
9429,9.571465495,45.22408891,0,0.037475017,4.027523318,93.51265823,34.08768515,1.33822025,37.29,66.09921456,100,74.40456362,0,15.86858761,0,97012
9430,3.256972338,46.41795448,0,3.953533149,3.771003145,96.91290675,27.3806277,1.823391267,39.6,42.78559993,100,100,0,52.0056479,0,176687
9431,7.407485771,46.62209339,0.158686499,9.272649936,3.350560045,61.07330214,26.40977871,1.432431468,36.38,60.96156483,100,100,0.673472281,52.84985113,0,47487
9432,5.151249814,46.77427349,0,2.364587931,3.816697144,14.16861088,19.61809932,1.510765247,34.97,44.599467,100,100,0.107194653,80.34554512,0,60822
9433,7.962810996,47.6379201,0.917602298,10.68154132,3.437712381,84.86247355,30.66489427,2.075068082,37.46,52.83037985,100,100,2.782586395,87.10970058,0,107822
9434,8.432132262,50.33625067,0.690448792,14.69173429,3.478169867,96.3904087,41.98947316,1.389105463,30.36,35.54200198,100,98.18969632,0,50.69584695,0,94997
9435,5.105611799,49.7687789,0.664500271,3.288882747,3.316934982,88.93802252,25.48255266,2.341432964,42.23,66.07178136,100,95.34305258,0.089822428,59.60754508,0,48318
9436,11.88113299,48.50720301,0,12.03010888,3.219006228,55.34298132,22.00510418,2.120946258,43.63,42.11565496,100,100,0.842331646,18.65226937,0,72206
9471,8.74540966,46.38141023,1.977692828,13.65913821,3.757316478,0.119478918,27.82318052,2.275087766,11.46,4.524045937,96.85115239,90.83224132,31.0966366,2.547598859,67.0764922,293690
